年份,文件名,img,地点,人物,事件,big-img,"""<a href=""""""&G2&""""""><img src=""""""&C2&"""""" tag=""""""&A2&"",""&D2&"",""&E2&"",""&F2&""""""></a><span class=""""tip"""" id=""""""&C2&"""""" onclick=""""alert('""&A2&"",""&D2&"",""&E2&"",""&F2&"",[""&B2&""]')"""">&nbsp;</span>"""
2010,20100123_小学前_100123大肚婆_IMG_20100123_3678.JPG,https://z3.ax1x.com/2021/06/07/2dl1v6.jpg,,妈妈mm,大肚婆ddp,b.html,"<a href=""b.html""><img src=""https://z3.ax1x.com/2021/06/07/2dl1v6.jpg"" tag=""2010,,妈妈mm,大肚婆ddp""></a><span class=""tip"" id=""https://z3.ax1x.com/2021/06/07/2dl1v6.jpg"" onclick=""alert('2010,,妈妈mm,大肚婆ddp,[20100123_小学前_100123大肚婆_IMG_20100123_3678.JPG]')"">&nbsp;</span>"
2010,20100123_小学前_100123大肚婆_IMG_20100123_3684.JPG,https://z3.ax1x.com/2021/06/07/2dllgx.jpg,,妈妈mm,大肚婆ddp,b.html,"<a href=""b.html""><img src=""https://z3.ax1x.com/2021/06/07/2dllgx.jpg"" tag=""2010,,妈妈mm,大肚婆ddp""></a><span class=""tip"" id=""https://z3.ax1x.com/2021/06/07/2dllgx.jpg"" onclick=""alert('2010,,妈妈mm,大肚婆ddp,[20100123_小学前_100123大肚婆_IMG_20100123_3684.JPG]')"">&nbsp;</span>"
2010,20100123_小学前_100123大肚婆_IMG_20100123_3688.JPG,https://z3.ax1x.com/2021/06/07/2dlGDO.jpg,,妈妈mm,大肚婆ddp,b.html,"<a href=""b.html""><img src=""https://z3.ax1x.com/2021/06/07/2dlGDO.jpg"" tag=""2010,,妈妈mm,大肚婆ddp""></a><span class=""tip"" id=""https://z3.ax1x.com/2021/06/07/2dlGDO.jpg"" onclick=""alert('2010,,妈妈mm,大肚婆ddp,[20100123_小学前_100123大肚婆_IMG_20100123_3688.JPG]')"">&nbsp;</span>"
2010,20100209_小学前_100403月月娃_IMG_20100209_3699.JPG,https://z3.ax1x.com/2021/06/07/2dlQ81.jpg,,仔仔zz,,b.html,"<a href=""b.html""><img src=""https://z3.ax1x.com/2021/06/07/2dlQ81.jpg"" tag=""2010,,仔仔zz,""></a><span class=""tip"" id=""https://z3.ax1x.com/2021/06/07/2dlQ81.jpg"" onclick=""alert('2010,,仔仔zz,,[20100209_小学前_100403月月娃_IMG_20100209_3699.JPG]')"">&nbsp;</span>"
2010,20100210_小学前_100403月月娃_IMG_20100210_3707.JPG,https://z3.ax1x.com/2021/06/07/2dl8KK.jpg,,仔仔zz,,b.html,"<a href=""b.html""><img src=""https://z3.ax1x.com/2021/06/07/2dl8KK.jpg"" tag=""2010,,仔仔zz,""></a><span class=""tip"" id=""https://z3.ax1x.com/2021/06/07/2dl8KK.jpg"" onclick=""alert('2010,,仔仔zz,,[20100210_小学前_100403月月娃_IMG_20100210_3707.JPG]')"">&nbsp;</span>"
2010,20100212_小学前_100403月月娃_IMG_20100212_PICT3864.JPG,https://z3.ax1x.com/2021/06/07/2dlJbD.jpg,,仔仔zz,,b.html,"<a href=""b.html""><img src=""https://z3.ax1x.com/2021/06/07/2dlJbD.jpg"" tag=""2010,,仔仔zz,""></a><span class=""tip"" id=""https://z3.ax1x.com/2021/06/07/2dlJbD.jpg"" onclick=""alert('2010,,仔仔zz,,[20100212_小学前_100403月月娃_IMG_20100212_PICT3864.JPG]')"">&nbsp;</span>"
2010,20100212_小学前_100403月月娃_IMG_20100212_PICT3866.JPG,https://z3.ax1x.com/2021/06/07/2dltVe.jpg,,仔仔zz,,b.html,"<a href=""b.html""><img src=""https://z3.ax1x.com/2021/06/07/2dltVe.jpg"" tag=""2010,,仔仔zz,""></a><span class=""tip"" id=""https://z3.ax1x.com/2021/06/07/2dltVe.jpg"" onclick=""alert('2010,,仔仔zz,,[20100212_小学前_100403月月娃_IMG_20100212_PICT3866.JPG]')"">&nbsp;</span>"
2010,20100213_小学前_100403月月娃_IMG_20100213_PICT3888.JPG,https://z3.ax1x.com/2021/06/07/2dlNUH.jpg,,仔仔zz,吃奶,b.html,"<a href=""b.html""><img src=""https://z3.ax1x.com/2021/06/07/2dlNUH.jpg"" tag=""2010,,仔仔zz,吃奶""></a><span class=""tip"" id=""https://z3.ax1x.com/2021/06/07/2dlNUH.jpg"" onclick=""alert('2010,,仔仔zz,吃奶,[20100213_小学前_100403月月娃_IMG_20100213_PICT3888.JPG]')"">&nbsp;</span>"
2010,20100216_小学前_100403月月娃_IMG_20100216_PICT3903.JPG,https://z3.ax1x.com/2021/06/07/2dlU5d.jpg,,仔仔zz,,b.html,"<a href=""b.html""><img src=""https://z3.ax1x.com/2021/06/07/2dlU5d.jpg"" tag=""2010,,仔仔zz,""></a><span class=""tip"" id=""https://z3.ax1x.com/2021/06/07/2dlU5d.jpg"" onclick=""alert('2010,,仔仔zz,,[20100216_小学前_100403月月娃_IMG_20100216_PICT3903.JPG]')"">&nbsp;</span>"
2010,20100217_小学前_100403月月娃_IMG_20100217_PICT3908.JPG,https://z3.ax1x.com/2021/06/07/2dldPA.jpg,,"仔仔zz,爸爸bb",,b.html,"<a href=""b.html""><img src=""https://z3.ax1x.com/2021/06/07/2dldPA.jpg"" tag=""2010,,仔仔zz,爸爸bb,""></a><span class=""tip"" id=""https://z3.ax1x.com/2021/06/07/2dldPA.jpg"" onclick=""alert('2010,,仔仔zz,爸爸bb,,[20100217_小学前_100403月月娃_IMG_20100217_PICT3908.JPG]')"">&nbsp;</span>"
2010,20100217_小学前_101130日历_xc_IMG_20100217_02.jpg,https://z3.ax1x.com/2021/06/07/2dlw8I.jpg,,仔仔zz,,b.html,"<a href=""b.html""><img src=""https://z3.ax1x.com/2021/06/07/2dlw8I.jpg"" tag=""2010,,仔仔zz,""></a><span class=""tip"" id=""https://z3.ax1x.com/2021/06/07/2dlw8I.jpg"" onclick=""alert('2010,,仔仔zz,,[20100217_小学前_101130日历_xc_IMG_20100217_02.jpg]')"">&nbsp;</span>"
2010,20100218_小学前_100403月月娃_IMG_20100218_PICT3939.JPG,https://z3.ax1x.com/2021/06/07/2dl02t.jpg,,"仔仔zz,妈妈mm,姥姥ll",,b.html,"<a href=""b.html""><img src=""https://z3.ax1x.com/2021/06/07/2dl02t.jpg"" tag=""2010,,仔仔zz,妈妈mm,姥姥ll,""></a><span class=""tip"" id=""https://z3.ax1x.com/2021/06/07/2dl02t.jpg"" onclick=""alert('2010,,仔仔zz,妈妈mm,姥姥ll,,[20100218_小学前_100403月月娃_IMG_20100218_PICT3939.JPG]')"">&nbsp;</span>"
2010,20100218_小学前_100403月月娃_IMG_20100218_PICT3944.JPG,https://z3.ax1x.com/2021/06/07/2dlBxP.jpg,,仔仔zz,,b.html,"<a href=""b.html""><img src=""https://z3.ax1x.com/2021/06/07/2dlBxP.jpg"" tag=""2010,,仔仔zz,""></a><span class=""tip"" id=""https://z3.ax1x.com/2021/06/07/2dlBxP.jpg"" onclick=""alert('2010,,仔仔zz,,[20100218_小学前_100403月月娃_IMG_20100218_PICT3944.JPG]')"">&nbsp;</span>"
2010,20100220_小学前_100403月月娃_IMG_20100220_PICT3981.JPG,https://z3.ax1x.com/2021/06/07/2dlrKf.jpg,,仔仔zz,,b.html,"<a href=""b.html""><img src=""https://z3.ax1x.com/2021/06/07/2dlrKf.jpg"" tag=""2010,,仔仔zz,""></a><span class=""tip"" id=""https://z3.ax1x.com/2021/06/07/2dlrKf.jpg"" onclick=""alert('2010,,仔仔zz,,[20100220_小学前_100403月月娃_IMG_20100220_PICT3981.JPG]')"">&nbsp;</span>"
2010,20100227_小学前_100403月月娃_IMG_20100227_PICT4038.JPG,https://z3.ax1x.com/2021/06/07/2dlsr8.jpg,,仔仔zz,,b.html,"<a href=""b.html""><img src=""https://z3.ax1x.com/2021/06/07/2dlsr8.jpg"" tag=""2010,,仔仔zz,""></a><span class=""tip"" id=""https://z3.ax1x.com/2021/06/07/2dlsr8.jpg"" onclick=""alert('2010,,仔仔zz,,[20100227_小学前_100403月月娃_IMG_20100227_PICT4038.JPG]')"">&nbsp;</span>"
2010,20100307_小学前_100403月月娃_IMG_20100307_PICT4049.JPG,https://z3.ax1x.com/2021/06/07/2dlyqS.jpg,,"仔仔zz,爸爸bb",,b.html,"<a href=""b.html""><img src=""https://z3.ax1x.com/2021/06/07/2dlyqS.jpg"" tag=""2010,,仔仔zz,爸爸bb,""></a><span class=""tip"" id=""https://z3.ax1x.com/2021/06/07/2dlyqS.jpg"" onclick=""alert('2010,,仔仔zz,爸爸bb,,[20100307_小学前_100403月月娃_IMG_20100307_PICT4049.JPG]')"">&nbsp;</span>"
2010,20100311_小学前_100403月月娃_IMG_20100311_PICT4051.JPG,https://z3.ax1x.com/2021/06/07/2dlcVg.jpg,,"妈妈mm,奶奶nn",,b.html,"<a href=""b.html""><img src=""https://z3.ax1x.com/2021/06/07/2dlcVg.jpg"" tag=""2010,,妈妈mm,奶奶nn,""></a><span class=""tip"" id=""https://z3.ax1x.com/2021/06/07/2dlcVg.jpg"" onclick=""alert('2010,,妈妈mm,奶奶nn,,[20100311_小学前_100403月月娃_IMG_20100311_PICT4051.JPG]')"">&nbsp;</span>"
2010,20100313_小学前_101130日历_xc_IMG_20100313_03.jpg,https://z3.ax1x.com/2021/06/07/2dlgaQ.jpg,,仔仔zz,,b.html,"<a href=""b.html""><img src=""https://z3.ax1x.com/2021/06/07/2dlgaQ.jpg"" tag=""2010,,仔仔zz,""></a><span class=""tip"" id=""https://z3.ax1x.com/2021/06/07/2dlgaQ.jpg"" onclick=""alert('2010,,仔仔zz,,[20100313_小学前_101130日历_xc_IMG_20100313_03.jpg]')"">&nbsp;</span>"
2010,20100314_小学前_100403月月娃_IMG_20100314_0039.JPG,https://z3.ax1x.com/2021/06/07/2dl25j.jpg,,"仔仔zz,奶奶nn",吃奶,b.html,"<a href=""b.html""><img src=""https://z3.ax1x.com/2021/06/07/2dl25j.jpg"" tag=""2010,,仔仔zz,奶奶nn,吃奶""></a><span class=""tip"" id=""https://z3.ax1x.com/2021/06/07/2dl25j.jpg"" onclick=""alert('2010,,仔仔zz,奶奶nn,吃奶,[20100314_小学前_100403月月娃_IMG_20100314_0039.JPG]')"">&nbsp;</span>"
2010,20100314_小学前_100403月月娃_IMG_20100314_0066.JPG,https://z3.ax1x.com/2021/06/07/2dlWPs.jpg,,仔仔zz,,b.html,"<a href=""b.html""><img src=""https://z3.ax1x.com/2021/06/07/2dlWPs.jpg"" tag=""2010,,仔仔zz,""></a><span class=""tip"" id=""https://z3.ax1x.com/2021/06/07/2dlWPs.jpg"" onclick=""alert('2010,,仔仔zz,,[20100314_小学前_100403月月娃_IMG_20100314_0066.JPG]')"">&nbsp;</span>"
2010,20100314_小学前_100403月月娃_IMG_20100314_0067.JPG,https://z3.ax1x.com/2021/06/07/2dlfGn.jpg,,仔仔zz,,b.html,"<a href=""b.html""><img src=""https://z3.ax1x.com/2021/06/07/2dlfGn.jpg"" tag=""2010,,仔仔zz,""></a><span class=""tip"" id=""https://z3.ax1x.com/2021/06/07/2dlfGn.jpg"" onclick=""alert('2010,,仔仔zz,,[20100314_小学前_100403月月娃_IMG_20100314_0067.JPG]')"">&nbsp;</span>"
2010,20100316_小学前_100403月月娃_IMG_20100316_0090.JPG,https://z3.ax1x.com/2021/06/07/2dlh2q.jpg,,"仔仔zz,爷爷yy,奶奶nn",洗澡,b.html,"<a href=""b.html""><img src=""https://z3.ax1x.com/2021/06/07/2dlh2q.jpg"" tag=""2010,,仔仔zz,爷爷yy,奶奶nn,洗澡""></a><span class=""tip"" id=""https://z3.ax1x.com/2021/06/07/2dlh2q.jpg"" onclick=""alert('2010,,仔仔zz,爷爷yy,奶奶nn,洗澡,[20100316_小学前_100403月月娃_IMG_20100316_0090.JPG]')"">&nbsp;</span>"
2010,20100319_小学前_100403月月娃_IMG_20100319_0093.JPG,https://z3.ax1x.com/2021/06/07/2dl4x0.jpg,,仔仔zz,,b.html,"<a href=""b.html""><img src=""https://z3.ax1x.com/2021/06/07/2dl4x0.jpg"" tag=""2010,,仔仔zz,""></a><span class=""tip"" id=""https://z3.ax1x.com/2021/06/07/2dl4x0.jpg"" onclick=""alert('2010,,仔仔zz,,[20100319_小学前_100403月月娃_IMG_20100319_0093.JPG]')"">&nbsp;</span>"
2010,20100320_小学前_100403月月娃_IMG_20100320_0115.JPG,https://z3.ax1x.com/2021/06/07/2dlIMV.jpg,,仔仔zz,,b.html,"<a href=""b.html""><img src=""https://z3.ax1x.com/2021/06/07/2dlIMV.jpg"" tag=""2010,,仔仔zz,""></a><span class=""tip"" id=""https://z3.ax1x.com/2021/06/07/2dlIMV.jpg"" onclick=""alert('2010,,仔仔zz,,[20100320_小学前_100403月月娃_IMG_20100320_0115.JPG]')"">&nbsp;</span>"
2010,20100320_小学前_100403月月娃_IMG_20100320_0128.JPG,https://z3.ax1x.com/2021/06/07/2dlorT.jpg,,"仔仔zz,爷爷yy,奶奶nn",,b.html,"<a href=""b.html""><img src=""https://z3.ax1x.com/2021/06/07/2dlorT.jpg"" tag=""2010,,仔仔zz,爷爷yy,奶奶nn,""></a><span class=""tip"" id=""https://z3.ax1x.com/2021/06/07/2dlorT.jpg"" onclick=""alert('2010,,仔仔zz,爷爷yy,奶奶nn,,[20100320_小学前_100403月月娃_IMG_20100320_0128.JPG]')"">&nbsp;</span>"
2010,20100321_小学前_100403月月娃_IMG_20100321_0168.JPG,https://z3.ax1x.com/2021/06/07/2dlTqU.jpg,,仔仔zz,,b.html,"<a href=""b.html""><img src=""https://z3.ax1x.com/2021/06/07/2dlTqU.jpg"" tag=""2010,,仔仔zz,""></a><span class=""tip"" id=""https://z3.ax1x.com/2021/06/07/2dlTqU.jpg"" onclick=""alert('2010,,仔仔zz,,[20100321_小学前_100403月月娃_IMG_20100321_0168.JPG]')"">&nbsp;</span>"
2010,20100321_小学前_101130日历_9m_IMG_20100321_00_041_0180.jpg,https://z3.ax1x.com/2021/06/07/2dlHZF.jpg,,仔仔zz,,b.html,"<a href=""b.html""><img src=""https://z3.ax1x.com/2021/06/07/2dlHZF.jpg"" tag=""2010,,仔仔zz,""></a><span class=""tip"" id=""https://z3.ax1x.com/2021/06/07/2dlHZF.jpg"" onclick=""alert('2010,,仔仔zz,,[20100321_小学前_101130日历_9m_IMG_20100321_00_041_0180.jpg]')"">&nbsp;</span>"
2010,20100321_小学前_101130日历_xc_IMG_20100321_04.jpg,https://z3.ax1x.com/2021/06/07/2dlba4.jpg,,"仔仔zz,奶奶nn",,b.html,"<a href=""b.html""><img src=""https://z3.ax1x.com/2021/06/07/2dlba4.jpg"" tag=""2010,,仔仔zz,奶奶nn,""></a><span class=""tip"" id=""https://z3.ax1x.com/2021/06/07/2dlba4.jpg"" onclick=""alert('2010,,仔仔zz,奶奶nn,,[20100321_小学前_101130日历_xc_IMG_20100321_04.jpg]')"">&nbsp;</span>"
2010,20100321_小学前_IMG_3730.JPG,https://z3.ax1x.com/2021/06/07/2dlqIJ.jpg,,仔仔zz,手机,b.html,"<a href=""b.html""><img src=""https://z3.ax1x.com/2021/06/07/2dlqIJ.jpg"" tag=""2010,,仔仔zz,手机""></a><span class=""tip"" id=""https://z3.ax1x.com/2021/06/07/2dlqIJ.jpg"" onclick=""alert('2010,,仔仔zz,手机,[20100321_小学前_IMG_3730.JPG]')"">&nbsp;</span>"
2010,20100323_小学前_101130日历_9m_IMG_20100324_01_043_0183.jpg,https://z3.ax1x.com/2021/06/07/2dlOi9.jpg,,仔仔zz,,b.html,"<a href=""b.html""><img src=""https://z3.ax1x.com/2021/06/07/2dlOi9.jpg"" tag=""2010,,仔仔zz,""></a><span class=""tip"" id=""https://z3.ax1x.com/2021/06/07/2dlOi9.jpg"" onclick=""alert('2010,,仔仔zz,,[20100323_小学前_101130日历_9m_IMG_20100324_01_043_0183.jpg]')"">&nbsp;</span>"
2010,20100327_小学前_100403月月娃_IMG_20100327_0215.JPG,https://z3.ax1x.com/2021/06/07/2dlXGR.jpg,,仔仔zz,,b.html,"<a href=""b.html""><img src=""https://z3.ax1x.com/2021/06/07/2dlXGR.jpg"" tag=""2010,,仔仔zz,""></a><span class=""tip"" id=""https://z3.ax1x.com/2021/06/07/2dlXGR.jpg"" onclick=""alert('2010,,仔仔zz,,[20100327_小学前_100403月月娃_IMG_20100327_0215.JPG]')"">&nbsp;</span>"
2010,20100327_小学前_100403月月娃_IMG_20100327_0233.JPG,https://z3.ax1x.com/2021/06/07/2dljR1.jpg,,"仔仔zz,爸爸bb,舅舅jj",理发,b.html,"<a href=""b.html""><img src=""https://z3.ax1x.com/2021/06/07/2dljR1.jpg"" tag=""2010,,仔仔zz,爸爸bb,舅舅jj,理发""></a><span class=""tip"" id=""https://z3.ax1x.com/2021/06/07/2dljR1.jpg"" onclick=""alert('2010,,仔仔zz,爸爸bb,舅舅jj,理发,[20100327_小学前_100403月月娃_IMG_20100327_0233.JPG]')"">&nbsp;</span>"
2010,20100327_小学前_100403月月娃_IMG_20100327_0240.JPG,https://z3.ax1x.com/2021/06/07/2dlvxx.jpg,,仔仔zz,理发,b.html,"<a href=""b.html""><img src=""https://z3.ax1x.com/2021/06/07/2dlvxx.jpg"" tag=""2010,,仔仔zz,理发""></a><span class=""tip"" id=""https://z3.ax1x.com/2021/06/07/2dlvxx.jpg"" onclick=""alert('2010,,仔仔zz,理发,[20100327_小学前_100403月月娃_IMG_20100327_0240.JPG]')"">&nbsp;</span>"
2010,20100327_小学前_100403月月娃_IMG_20100327_0248.JPG,https://z3.ax1x.com/2021/06/07/2dlzM6.jpg,,仔仔zz,吃奶,b.html,"<a href=""b.html""><img src=""https://z3.ax1x.com/2021/06/07/2dlzM6.jpg"" tag=""2010,,仔仔zz,吃奶""></a><span class=""tip"" id=""https://z3.ax1x.com/2021/06/07/2dlzM6.jpg"" onclick=""alert('2010,,仔仔zz,吃奶,[20100327_小学前_100403月月娃_IMG_20100327_0248.JPG]')"">&nbsp;</span>"
2010,20100327_小学前_100403月月娃_IMG_20100327_0253.JPG,https://z3.ax1x.com/2021/06/07/2d1SsK.jpg,,"仔仔zz,妈妈mm",,b.html,"<a href=""b.html""><img src=""https://z3.ax1x.com/2021/06/07/2d1SsK.jpg"" tag=""2010,,仔仔zz,妈妈mm,""></a><span class=""tip"" id=""https://z3.ax1x.com/2021/06/07/2d1SsK.jpg"" onclick=""alert('2010,,仔仔zz,妈妈mm,,[20100327_小学前_100403月月娃_IMG_20100327_0253.JPG]')"">&nbsp;</span>"
2010,20100327_小学前_100403月月娃_IMG_20100327_0261.JPG,https://z3.ax1x.com/2021/06/07/2d1pqO.jpg,,仔仔zz,,b.html,"<a href=""b.html""><img src=""https://z3.ax1x.com/2021/06/07/2d1pqO.jpg"" tag=""2010,,仔仔zz,""></a><span class=""tip"" id=""https://z3.ax1x.com/2021/06/07/2d1pqO.jpg"" onclick=""alert('2010,,仔仔zz,,[20100327_小学前_100403月月娃_IMG_20100327_0261.JPG]')"">&nbsp;</span>"
2010,20100327_小学前_100403月月娃_IMG_20100327_0264.JPG,https://z3.ax1x.com/2021/06/07/2d1CZD.jpg,,仔仔zz,,b.html,"<a href=""b.html""><img src=""https://z3.ax1x.com/2021/06/07/2d1CZD.jpg"" tag=""2010,,仔仔zz,""></a><span class=""tip"" id=""https://z3.ax1x.com/2021/06/07/2d1CZD.jpg"" onclick=""alert('2010,,仔仔zz,,[20100327_小学前_100403月月娃_IMG_20100327_0264.JPG]')"">&nbsp;</span>"
2010,20100327_小学前_101130日历_9m_IMG_20100328_02_047_0258.jpg,https://z3.ax1x.com/2021/06/07/2d1Pde.jpg,,仔仔zz,,b.html,"<a href=""b.html""><img src=""https://z3.ax1x.com/2021/06/07/2d1Pde.jpg"" tag=""2010,,仔仔zz,""></a><span class=""tip"" id=""https://z3.ax1x.com/2021/06/07/2d1Pde.jpg"" onclick=""alert('2010,,仔仔zz,,[20100327_小学前_101130日历_9m_IMG_20100328_02_047_0258.jpg]')"">&nbsp;</span>"
2010,20100329_小学前_100403月月娃_IMG_20100329_0306.JPG,https://z3.ax1x.com/2021/06/07/2d1iIH.jpg,,仔仔zz,,b.html,"<a href=""b.html""><img src=""https://z3.ax1x.com/2021/06/07/2d1iIH.jpg"" tag=""2010,,仔仔zz,""></a><span class=""tip"" id=""https://z3.ax1x.com/2021/06/07/2d1iIH.jpg"" onclick=""alert('2010,,仔仔zz,,[20100329_小学前_100403月月娃_IMG_20100329_0306.JPG]')"">&nbsp;</span>"
2010,20100330_小学前_100403月月娃_IMG_20100330_0316.JPG,https://z3.ax1x.com/2021/06/07/2d1kid.jpg,,仔仔zz,,b.html,"<a href=""b.html""><img src=""https://z3.ax1x.com/2021/06/07/2d1kid.jpg"" tag=""2010,,仔仔zz,""></a><span class=""tip"" id=""https://z3.ax1x.com/2021/06/07/2d1kid.jpg"" onclick=""alert('2010,,仔仔zz,,[20100330_小学前_100403月月娃_IMG_20100330_0316.JPG]')"">&nbsp;</span>"
2010,20100331_小学前_100403月月娃_IMG_20100331_0317.JPG,https://z3.ax1x.com/2021/06/07/2d1AJA.jpg,,妈妈mm,仔仔粑粑,b.html,"<a href=""b.html""><img src=""https://z3.ax1x.com/2021/06/07/2d1AJA.jpg"" tag=""2010,,妈妈mm,仔仔粑粑""></a><span class=""tip"" id=""https://z3.ax1x.com/2021/06/07/2d1AJA.jpg"" onclick=""alert('2010,,妈妈mm,仔仔粑粑,[20100331_小学前_100403月月娃_IMG_20100331_0317.JPG]')"">&nbsp;</span>"
2010,20100331_小学前_100403月月娃_IMG_20100331_0319.JPG,https://z3.ax1x.com/2021/06/07/2d1ERI.jpg,,,仔仔粑粑,b.html,"<a href=""b.html""><img src=""https://z3.ax1x.com/2021/06/07/2d1ERI.jpg"" tag=""2010,,,仔仔粑粑""></a><span class=""tip"" id=""https://z3.ax1x.com/2021/06/07/2d1ERI.jpg"" onclick=""alert('2010,,,仔仔粑粑,[20100331_小学前_100403月月娃_IMG_20100331_0319.JPG]')"">&nbsp;</span>"
2010,20100401_小学前_101130日历_9m_IMG_20100402_03_052_0329.jpg,https://z3.ax1x.com/2021/06/07/2d1Vzt.jpg,,仔仔zz,,b.html,"<a href=""b.html""><img src=""https://z3.ax1x.com/2021/06/07/2d1Vzt.jpg"" tag=""2010,,仔仔zz,""></a><span class=""tip"" id=""https://z3.ax1x.com/2021/06/07/2d1Vzt.jpg"" onclick=""alert('2010,,仔仔zz,,[20100401_小学前_101130日历_9m_IMG_20100402_03_052_0329.jpg]')"">&nbsp;</span>"
2010,20100403_小学前_100403月月娃_IMG_20100403_0374.JPG,https://z3.ax1x.com/2021/06/07/2d1eQP.jpg,,妈妈mm,称秤,b.html,"<a href=""b.html""><img src=""https://z3.ax1x.com/2021/06/07/2d1eQP.jpg"" tag=""2010,,妈妈mm,称秤""></a><span class=""tip"" id=""https://z3.ax1x.com/2021/06/07/2d1eQP.jpg"" onclick=""alert('2010,,妈妈mm,称秤,[20100403_小学前_100403月月娃_IMG_20100403_0374.JPG]')"">&nbsp;</span>"
2010,20100403_小学前_100403月月娃_IMG_20100403_0377.JPG,https://z3.ax1x.com/2021/06/07/2d1msf.jpg,,仔仔zz,称秤,b.html,"<a href=""b.html""><img src=""https://z3.ax1x.com/2021/06/07/2d1msf.jpg"" tag=""2010,,仔仔zz,称秤""></a><span class=""tip"" id=""https://z3.ax1x.com/2021/06/07/2d1msf.jpg"" onclick=""alert('2010,,仔仔zz,称秤,[20100403_小学前_100403月月娃_IMG_20100403_0377.JPG]')"">&nbsp;</span>"
2010,20100403_小学前_100523西安坐月子-ok_IMG_20100523_0390.JPG,https://z3.ax1x.com/2021/06/07/2d1nL8.jpg,,仔仔zz,,b.html,"<a href=""b.html""><img src=""https://z3.ax1x.com/2021/06/07/2d1nL8.jpg"" tag=""2010,,仔仔zz,""></a><span class=""tip"" id=""https://z3.ax1x.com/2021/06/07/2d1nL8.jpg"" onclick=""alert('2010,,仔仔zz,,[20100403_小学前_100523西安坐月子-ok_IMG_20100523_0390.JPG]')"">&nbsp;</span>"
2010,20100403_小学前_100523西安坐月子_IMG_20100523_0386.JPG,https://z3.ax1x.com/2021/06/07/2d1KeS.jpg,,"仔仔zz,姥姥ll",,b.html,"<a href=""b.html""><img src=""https://z3.ax1x.com/2021/06/07/2d1KeS.jpg"" tag=""2010,,仔仔zz,姥姥ll,""></a><span class=""tip"" id=""https://z3.ax1x.com/2021/06/07/2d1KeS.jpg"" onclick=""alert('2010,,仔仔zz,姥姥ll,,[20100403_小学前_100523西安坐月子_IMG_20100523_0386.JPG]')"">&nbsp;</span>"
2010,20100405_小学前_100523西安坐月子-ok_IMG_20100523_0411.JPG,https://z3.ax1x.com/2021/06/07/2d1Mdg.jpg,,"仔仔zz,姥姥ll",,b.html,"<a href=""b.html""><img src=""https://z3.ax1x.com/2021/06/07/2d1Mdg.jpg"" tag=""2010,,仔仔zz,姥姥ll,""></a><span class=""tip"" id=""https://z3.ax1x.com/2021/06/07/2d1Mdg.jpg"" onclick=""alert('2010,,仔仔zz,姥姥ll,,[20100405_小学前_100523西安坐月子-ok_IMG_20100523_0411.JPG]')"">&nbsp;</span>"
2010,20100405_小学前_100523西安坐月子_IMG_20100523_0409.JPG,https://z3.ax1x.com/2021/06/07/2d1QoQ.jpg,,仔仔zz,,b.html,"<a href=""b.html""><img src=""https://z3.ax1x.com/2021/06/07/2d1QoQ.jpg"" tag=""2010,,仔仔zz,""></a><span class=""tip"" id=""https://z3.ax1x.com/2021/06/07/2d1QoQ.jpg"" onclick=""alert('2010,,仔仔zz,,[20100405_小学前_100523西安坐月子_IMG_20100523_0409.JPG]')"">&nbsp;</span>"
2010,20100406_小学前_100523西安坐月子_IMG_20100523_0420.JPG,https://z3.ax1x.com/2021/06/07/2d11ij.jpg,,仔仔zz,,b.html,"<a href=""b.html""><img src=""https://z3.ax1x.com/2021/06/07/2d11ij.jpg"" tag=""2010,,仔仔zz,""></a><span class=""tip"" id=""https://z3.ax1x.com/2021/06/07/2d11ij.jpg"" onclick=""alert('2010,,仔仔zz,,[20100406_小学前_100523西安坐月子_IMG_20100523_0420.JPG]')"">&nbsp;</span>"
2010,20100407_小学前_100523西安坐月子-ok_IMG_20100523_0465.JPG,https://z3.ax1x.com/2021/06/07/2d13Js.jpg,,"仔仔zz,姥姥ll",,b.html,"<a href=""b.html""><img src=""https://z3.ax1x.com/2021/06/07/2d13Js.jpg"" tag=""2010,,仔仔zz,姥姥ll,""></a><span class=""tip"" id=""https://z3.ax1x.com/2021/06/07/2d13Js.jpg"" onclick=""alert('2010,,仔仔zz,姥姥ll,,[20100407_小学前_100523西安坐月子-ok_IMG_20100523_0465.JPG]')"">&nbsp;</span>"
2010,20100412_小学前_100523西安坐月子_IMG_20100523_0525.JPG,https://z3.ax1x.com/2021/06/07/2d1NLT.jpg,,仔仔zz,,b.html,"<a href=""b.html""><img src=""https://z3.ax1x.com/2021/06/07/2d1NLT.jpg"" tag=""2010,,仔仔zz,""></a><span class=""tip"" id=""https://z3.ax1x.com/2021/06/07/2d1NLT.jpg"" onclick=""alert('2010,,仔仔zz,,[20100412_小学前_100523西安坐月子_IMG_20100523_0525.JPG]')"">&nbsp;</span>"
2010,20100418_小学前_100523西安坐月子-ok_IMG_20100523_0583.JPG,https://z3.ax1x.com/2021/06/07/2d1Gzq.jpg,,仔仔zz,,b.html,"<a href=""b.html""><img src=""https://z3.ax1x.com/2021/06/07/2d1Gzq.jpg"" tag=""2010,,仔仔zz,""></a><span class=""tip"" id=""https://z3.ax1x.com/2021/06/07/2d1Gzq.jpg"" onclick=""alert('2010,,仔仔zz,,[20100418_小学前_100523西安坐月子-ok_IMG_20100523_0583.JPG]')"">&nbsp;</span>"
2010,20100418_小学前_100523西安坐月子-ok_IMG_20100523_0586.JPG,https://z3.ax1x.com/2021/06/07/2d1YQ0.jpg,,仔仔zz,,b.html,"<a href=""b.html""><img src=""https://z3.ax1x.com/2021/06/07/2d1YQ0.jpg"" tag=""2010,,仔仔zz,""></a><span class=""tip"" id=""https://z3.ax1x.com/2021/06/07/2d1YQ0.jpg"" onclick=""alert('2010,,仔仔zz,,[20100418_小学前_100523西安坐月子-ok_IMG_20100523_0586.JPG]')"">&nbsp;</span>"
2010,20100424_小学前_100523西安坐月子_IMG_20100523_0624.JPG,https://z3.ax1x.com/2021/06/07/2d1tyV.jpg,,仔仔zz,,b.html,"<a href=""b.html""><img src=""https://z3.ax1x.com/2021/06/07/2d1tyV.jpg"" tag=""2010,,仔仔zz,""></a><span class=""tip"" id=""https://z3.ax1x.com/2021/06/07/2d1tyV.jpg"" onclick=""alert('2010,,仔仔zz,,[20100424_小学前_100523西安坐月子_IMG_20100523_0624.JPG]')"">&nbsp;</span>"
2010,20100428_小学前_100523西安坐月子-ok_IMG_20100523_0640.JPG,https://z3.ax1x.com/2021/06/07/2d1aeU.jpg,,仔仔zz,,b.html,"<a href=""b.html""><img src=""https://z3.ax1x.com/2021/06/07/2d1aeU.jpg"" tag=""2010,,仔仔zz,""></a><span class=""tip"" id=""https://z3.ax1x.com/2021/06/07/2d1aeU.jpg"" onclick=""alert('2010,,仔仔zz,,[20100428_小学前_100523西安坐月子-ok_IMG_20100523_0640.JPG]')"">&nbsp;</span>"
2010,20100429_小学前_100523西安坐月子_IMG_20100523_0658.JPG,https://z3.ax1x.com/2021/06/07/2d1dwF.jpg,,仔仔zz,,b.html,"<a href=""b.html""><img src=""https://z3.ax1x.com/2021/06/07/2d1dwF.jpg"" tag=""2010,,仔仔zz,""></a><span class=""tip"" id=""https://z3.ax1x.com/2021/06/07/2d1dwF.jpg"" onclick=""alert('2010,,仔仔zz,,[20100429_小学前_100523西安坐月子_IMG_20100523_0658.JPG]')"">&nbsp;</span>"
2010,20100503_小学前_100523西安坐月子_IMG_20100523_0678.JPG,https://z3.ax1x.com/2021/06/07/2d1wo4.jpg,,仔仔zz,,b.html,"<a href=""b.html""><img src=""https://z3.ax1x.com/2021/06/07/2d1wo4.jpg"" tag=""2010,,仔仔zz,""></a><span class=""tip"" id=""https://z3.ax1x.com/2021/06/07/2d1wo4.jpg"" onclick=""alert('2010,,仔仔zz,,[20100503_小学前_100523西安坐月子_IMG_20100523_0678.JPG]')"">&nbsp;</span>"
2010,20100508_小学前_101130日历_9m_IMG_20100509_04_089_0691.jpg,https://z3.ax1x.com/2021/06/07/2BpLSH.jpg,,仔仔zz,,b.html,"<a href=""b.html""><img src=""https://z3.ax1x.com/2021/06/07/2BpLSH.jpg"" tag=""2010,,仔仔zz,""></a><span class=""tip"" id=""https://z3.ax1x.com/2021/06/07/2BpLSH.jpg"" onclick=""alert('2010,,仔仔zz,,[20100508_小学前_101130日历_9m_IMG_20100509_04_089_0691.jpg]')"">&nbsp;</span>"
2010,20100518_小学前_100523西安坐月子_IMG_20100523_0706.JPG,https://z3.ax1x.com/2021/06/07/2BpOld.jpg,,仔仔zz,,b.html,"<a href=""b.html""><img src=""https://z3.ax1x.com/2021/06/07/2BpOld.jpg"" tag=""2010,,仔仔zz,""></a><span class=""tip"" id=""https://z3.ax1x.com/2021/06/07/2BpOld.jpg"" onclick=""alert('2010,,仔仔zz,,[20100518_小学前_100523西安坐月子_IMG_20100523_0706.JPG]')"">&nbsp;</span>"
2010,20100522_小学前_100523西安坐月子_IMG_20100523_0753.JPG,https://z3.ax1x.com/2021/06/07/2BpX6A.jpg,,仔仔zz,,b.html,"<a href=""b.html""><img src=""https://z3.ax1x.com/2021/06/07/2BpX6A.jpg"" tag=""2010,,仔仔zz,""></a><span class=""tip"" id=""https://z3.ax1x.com/2021/06/07/2BpX6A.jpg"" onclick=""alert('2010,,仔仔zz,,[20100522_小学前_100523西安坐月子_IMG_20100523_0753.JPG]')"">&nbsp;</span>"
2010,20100522_小学前_100523西安坐月子_IMG_20100523_0756.JPG,https://z3.ax1x.com/2021/06/07/2BpeiD.jpg,,仔仔zz,,b.html,"<a href=""b.html""><img src=""https://z3.ax1x.com/2021/06/07/2BpeiD.jpg"" tag=""2010,,仔仔zz,""></a><span class=""tip"" id=""https://z3.ax1x.com/2021/06/07/2BpeiD.jpg"" onclick=""alert('2010,,仔仔zz,,[20100522_小学前_100523西安坐月子_IMG_20100523_0756.JPG]')"">&nbsp;</span>"
2010,20100522_小学前_100523西安坐月子_IMG_20100523_0769.JPG,https://z3.ax1x.com/2021/06/07/2BpmJe.jpg,,仔仔zz,,b.html,"<a href=""b.html""><img src=""https://z3.ax1x.com/2021/06/07/2BpmJe.jpg"" tag=""2010,,仔仔zz,""></a><span class=""tip"" id=""https://z3.ax1x.com/2021/06/07/2BpmJe.jpg"" onclick=""alert('2010,,仔仔zz,,[20100522_小学前_100523西安坐月子_IMG_20100523_0769.JPG]')"">&nbsp;</span>"
2010,20100522_小学前_100523西安坐月子_IMG_20100523_0792.JPG,https://z3.ax1x.com/2021/06/07/2BpnRH.jpg,,仔仔zz,吃奶,b.html,"<a href=""b.html""><img src=""https://z3.ax1x.com/2021/06/07/2BpnRH.jpg"" tag=""2010,,仔仔zz,吃奶""></a><span class=""tip"" id=""https://z3.ax1x.com/2021/06/07/2BpnRH.jpg"" onclick=""alert('2010,,仔仔zz,吃奶,[20100522_小学前_100523西安坐月子_IMG_20100523_0792.JPG]')"">&nbsp;</span>"
2010,20100522_小学前_100523西安坐月子_IMG_20100523_0800.JPG,https://z3.ax1x.com/2021/06/07/2BpVIO.jpg,,仔仔zz,,b.html,"<a href=""b.html""><img src=""https://z3.ax1x.com/2021/06/07/2BpVIO.jpg"" tag=""2010,,仔仔zz,""></a><span class=""tip"" id=""https://z3.ax1x.com/2021/06/07/2BpVIO.jpg"" onclick=""alert('2010,,仔仔zz,,[20100522_小学前_100523西安坐月子_IMG_20100523_0800.JPG]')"">&nbsp;</span>"
2010,20100522_小学前_100523西安坐月子_IMG_20100523_0801.JPG,https://z3.ax1x.com/2021/06/07/2BpEdK.jpg,,"仔仔zz,妈妈mm",,b.html,"<a href=""b.html""><img src=""https://z3.ax1x.com/2021/06/07/2BpEdK.jpg"" tag=""2010,,仔仔zz,妈妈mm,""></a><span class=""tip"" id=""https://z3.ax1x.com/2021/06/07/2BpEdK.jpg"" onclick=""alert('2010,,仔仔zz,妈妈mm,,[20100522_小学前_100523西安坐月子_IMG_20100523_0801.JPG]')"">&nbsp;</span>"
2010,20100522_小学前_101130日历_9m_IMG_20100523_05_103_0806.jpg,https://z3.ax1x.com/2021/06/07/2Bpuzd.jpg,,仔仔zz,,b.html,"<a href=""b.html""><img src=""https://z3.ax1x.com/2021/06/07/2Bpuzd.jpg"" tag=""2010,,仔仔zz,""></a><span class=""tip"" id=""https://z3.ax1x.com/2021/06/07/2Bpuzd.jpg"" onclick=""alert('2010,,仔仔zz,,[20100522_小学前_101130日历_9m_IMG_20100523_05_103_0806.jpg]')"">&nbsp;</span>"
2010,20100522_小学前_101130日历_xc_IMG_20100522_09.jpg,https://z3.ax1x.com/2021/06/07/2BpMQA.jpg,,仔仔zz,,b.html,"<a href=""b.html""><img src=""https://z3.ax1x.com/2021/06/07/2BpMQA.jpg"" tag=""2010,,仔仔zz,""></a><span class=""tip"" id=""https://z3.ax1x.com/2021/06/07/2BpMQA.jpg"" onclick=""alert('2010,,仔仔zz,,[20100522_小学前_101130日历_xc_IMG_20100522_09.jpg]')"">&nbsp;</span>"
2010,20100524_小学前_100523西安坐月子_IMG_20100523_0819.JPG,https://z3.ax1x.com/2021/06/07/2BpQsI.jpg,,仔仔zz,,b.html,"<a href=""b.html""><img src=""https://z3.ax1x.com/2021/06/07/2BpQsI.jpg"" tag=""2010,,仔仔zz,""></a><span class=""tip"" id=""https://z3.ax1x.com/2021/06/07/2BpQsI.jpg"" onclick=""alert('2010,,仔仔zz,,[20100524_小学前_100523西安坐月子_IMG_20100523_0819.JPG]')"">&nbsp;</span>"
2010,20100525_小学前_100523西安坐月子_IMG_20100523_0834.JPG,https://z3.ax1x.com/2021/06/07/2Bp3eP.jpg,,仔仔zz,,b.html,"<a href=""b.html""><img src=""https://z3.ax1x.com/2021/06/07/2Bp3eP.jpg"" tag=""2010,,仔仔zz,""></a><span class=""tip"" id=""https://z3.ax1x.com/2021/06/07/2Bp3eP.jpg"" onclick=""alert('2010,,仔仔zz,,[20100525_小学前_100523西安坐月子_IMG_20100523_0834.JPG]')"">&nbsp;</span>"
2010,20100525_小学前_101130日历_9m_IMG_20100526_07_106_0836.jpg,https://z3.ax1x.com/2021/06/07/2Bp8df.jpg,,仔仔zz,,b.html,"<a href=""b.html""><img src=""https://z3.ax1x.com/2021/06/07/2Bp8df.jpg"" tag=""2010,,仔仔zz,""></a><span class=""tip"" id=""https://z3.ax1x.com/2021/06/07/2Bp8df.jpg"" onclick=""alert('2010,,仔仔zz,,[20100525_小学前_101130日历_9m_IMG_20100526_07_106_0836.jpg]')"">&nbsp;</span>"
2010,20100615_小学前_100523西安坐月子_IMG_20100523_0851.JPG,https://z3.ax1x.com/2021/06/07/2BplLt.jpg,,"仔仔zz,姥姥ll",,b.html,"<a href=""b.html""><img src=""https://z3.ax1x.com/2021/06/07/2BplLt.jpg"" tag=""2010,,仔仔zz,姥姥ll,""></a><span class=""tip"" id=""https://z3.ax1x.com/2021/06/07/2BplLt.jpg"" onclick=""alert('2010,,仔仔zz,姥姥ll,,[20100615_小学前_100523西安坐月子_IMG_20100523_0851.JPG]')"">&nbsp;</span>"
2010,20100615_小学前_100523西安坐月子_IMG_20100523_0877.JPG,https://z3.ax1x.com/2021/06/07/2BpGo8.jpg,,"仔仔zz,姥爷ly",,b.html,"<a href=""b.html""><img src=""https://z3.ax1x.com/2021/06/07/2BpGo8.jpg"" tag=""2010,,仔仔zz,姥爷ly,""></a><span class=""tip"" id=""https://z3.ax1x.com/2021/06/07/2BpGo8.jpg"" onclick=""alert('2010,,仔仔zz,姥爷ly,,[20100615_小学前_100523西安坐月子_IMG_20100523_0877.JPG]')"">&nbsp;</span>"
2010,20100615_小学前_101130日历_xc_IMG_20100615_13.jpg,https://z3.ax1x.com/2021/06/07/2BptJg.jpg,,"仔仔zz,姥姥ll",,b.html,"<a href=""b.html""><img src=""https://z3.ax1x.com/2021/06/07/2BptJg.jpg"" tag=""2010,,仔仔zz,姥姥ll,""></a><span class=""tip"" id=""https://z3.ax1x.com/2021/06/07/2BptJg.jpg"" onclick=""alert('2010,,仔仔zz,姥姥ll,,[20100615_小学前_101130日历_xc_IMG_20100615_13.jpg]')"">&nbsp;</span>"
2010,20100615_小学前_101130日历_xc_IMG_20100615_14.jpg,https://z3.ax1x.com/2021/06/07/2BpNWQ.jpg,,仔仔zz,,b.html,"<a href=""b.html""><img src=""https://z3.ax1x.com/2021/06/07/2BpNWQ.jpg"" tag=""2010,,仔仔zz,""></a><span class=""tip"" id=""https://z3.ax1x.com/2021/06/07/2BpNWQ.jpg"" onclick=""alert('2010,,仔仔zz,,[20100615_小学前_101130日历_xc_IMG_20100615_14.jpg]')"">&nbsp;</span>"
2010,20100617_小学前_100523西安坐月子_IMG_20100523_0898.JPG,https://z3.ax1x.com/2021/06/07/2BpUzj.jpg,,仔仔zz,,b.html,"<a href=""b.html""><img src=""https://z3.ax1x.com/2021/06/07/2BpUzj.jpg"" tag=""2010,,仔仔zz,""></a><span class=""tip"" id=""https://z3.ax1x.com/2021/06/07/2BpUzj.jpg"" onclick=""alert('2010,,仔仔zz,,[20100617_小学前_100523西安坐月子_IMG_20100523_0898.JPG]')"">&nbsp;</span>"
2010,20100623_小学前_101130日历_9m_IMG_20100624_06_135_0917.jpg,https://z3.ax1x.com/2021/06/07/2BpdQs.jpg,,仔仔zz,,b.html,"<a href=""b.html""><img src=""https://z3.ax1x.com/2021/06/07/2BpdQs.jpg"" tag=""2010,,仔仔zz,""></a><span class=""tip"" id=""https://z3.ax1x.com/2021/06/07/2BpdQs.jpg"" onclick=""alert('2010,,仔仔zz,,[20100623_小学前_101130日历_9m_IMG_20100624_06_135_0917.jpg]')"">&nbsp;</span>"
2010,20100703_小学前_100523西安坐月子_IMG_20100523_0924.JPG,https://z3.ax1x.com/2021/06/07/2Bpwyn.jpg,,仔仔zz,,b.html,"<a href=""b.html""><img src=""https://z3.ax1x.com/2021/06/07/2Bpwyn.jpg"" tag=""2010,,仔仔zz,""></a><span class=""tip"" id=""https://z3.ax1x.com/2021/06/07/2Bpwyn.jpg"" onclick=""alert('2010,,仔仔zz,,[20100703_小学前_100523西安坐月子_IMG_20100523_0924.JPG]')"">&nbsp;</span>"
2010,20100703_小学前_100523西安坐月子_IMG_20100523_0930.JPG,https://z3.ax1x.com/2021/06/07/2Bp0Lq.jpg,,仔仔zz,,b.html,"<a href=""b.html""><img src=""https://z3.ax1x.com/2021/06/07/2Bp0Lq.jpg"" tag=""2010,,仔仔zz,""></a><span class=""tip"" id=""https://z3.ax1x.com/2021/06/07/2Bp0Lq.jpg"" onclick=""alert('2010,,仔仔zz,,[20100703_小学前_100523西安坐月子_IMG_20100523_0930.JPG]')"">&nbsp;</span>"
2010,20100703_小学前_101130日历_9m_IMG_20100704_08_145_0939.jpg,https://z3.ax1x.com/2021/06/07/2Bp6FU.jpg,,仔仔zz,,b.html,"<a href=""b.html""><img src=""https://z3.ax1x.com/2021/06/07/2Bp6FU.jpg"" tag=""2010,,仔仔zz,""></a><span class=""tip"" id=""https://z3.ax1x.com/2021/06/07/2Bp6FU.jpg"" onclick=""alert('2010,,仔仔zz,,[20100703_小学前_101130日历_9m_IMG_20100704_08_145_0939.jpg]')"">&nbsp;</span>"
2010,20100705_小学前_100523西安坐月子_IMG_20100523_0942.JPG,https://z3.ax1x.com/2021/06/07/2BpRSJ.jpg,,仔仔zz,,b.html,"<a href=""b.html""><img src=""https://z3.ax1x.com/2021/06/07/2BpRSJ.jpg"" tag=""2010,,仔仔zz,""></a><span class=""tip"" id=""https://z3.ax1x.com/2021/06/07/2BpRSJ.jpg"" onclick=""alert('2010,,仔仔zz,,[20100705_小学前_100523西安坐月子_IMG_20100523_0942.JPG]')"">&nbsp;</span>"
2010,20100705_小学前_100523西安坐月子_IMG_20100523_0960.JPG,https://z3.ax1x.com/2021/06/07/2BpWl9.jpg,,"仔仔zz,姥姥ll",,b.html,"<a href=""b.html""><img src=""https://z3.ax1x.com/2021/06/07/2BpWl9.jpg"" tag=""2010,,仔仔zz,姥姥ll,""></a><span class=""tip"" id=""https://z3.ax1x.com/2021/06/07/2BpWl9.jpg"" onclick=""alert('2010,,仔仔zz,姥姥ll,,[20100705_小学前_100523西安坐月子_IMG_20100523_0960.JPG]')"">&nbsp;</span>"
2010,20100707_小学前_100523西安坐月子_IMG_20100523_0981.JPG,https://z3.ax1x.com/2021/06/07/2BpfyR.jpg,,"仔仔zz,姥姥ll",,b.html,"<a href=""b.html""><img src=""https://z3.ax1x.com/2021/06/07/2BpfyR.jpg"" tag=""2010,,仔仔zz,姥姥ll,""></a><span class=""tip"" id=""https://z3.ax1x.com/2021/06/07/2BpfyR.jpg"" onclick=""alert('2010,,仔仔zz,姥姥ll,,[20100707_小学前_100523西安坐月子_IMG_20100523_0981.JPG]')"">&nbsp;</span>"
2010,20100707_小学前_100523西安坐月子_IMG_20100523_1017.JPG,https://z3.ax1x.com/2021/06/07/2Bp5ex.jpg,,"仔仔zz,姥姥ll,姥爷ly",,b.html,"<a href=""b.html""><img src=""https://z3.ax1x.com/2021/06/07/2Bp5ex.jpg"" tag=""2010,,仔仔zz,姥姥ll,姥爷ly,""></a><span class=""tip"" id=""https://z3.ax1x.com/2021/06/07/2Bp5ex.jpg"" onclick=""alert('2010,,仔仔zz,姥姥ll,姥爷ly,,[20100707_小学前_100523西安坐月子_IMG_20100523_1017.JPG]')"">&nbsp;</span>"
2010,20100707_小学前_100523西安坐月子_IMG_20100523_1022.JPG,https://z3.ax1x.com/2021/06/07/2BpIw6.jpg,,"仔仔zz,妈妈mm,姥姥ll,姥爷ly",,b.html,"<a href=""b.html""><img src=""https://z3.ax1x.com/2021/06/07/2BpIw6.jpg"" tag=""2010,,仔仔zz,妈妈mm,姥姥ll,姥爷ly,""></a><span class=""tip"" id=""https://z3.ax1x.com/2021/06/07/2BpIw6.jpg"" onclick=""alert('2010,,仔仔zz,妈妈mm,姥姥ll,姥爷ly,,[20100707_小学前_100523西安坐月子_IMG_20100523_1022.JPG]')"">&nbsp;</span>"
2010,20100717_小学前_100923小区_IMG_20100924_1076.JPG,https://z3.ax1x.com/2021/06/07/2BpHYD.jpg,,仔仔zz,,b.html,"<a href=""b.html""><img src=""https://z3.ax1x.com/2021/06/07/2BpHYD.jpg"" tag=""2010,,仔仔zz,""></a><span class=""tip"" id=""https://z3.ax1x.com/2021/06/07/2BpHYD.jpg"" onclick=""alert('2010,,仔仔zz,,[20100717_小学前_100923小区_IMG_20100924_1076.JPG]')"">&nbsp;</span>"
2010,20100717_小学前_100923小区_IMG_20100924_1081.JPG,https://z3.ax1x.com/2021/06/07/2Bpbfe.jpg,,仔仔zz,吃脚,b.html,"<a href=""b.html""><img src=""https://z3.ax1x.com/2021/06/07/2Bpbfe.jpg"" tag=""2010,,仔仔zz,吃脚""></a><span class=""tip"" id=""https://z3.ax1x.com/2021/06/07/2Bpbfe.jpg"" onclick=""alert('2010,,仔仔zz,吃脚,[20100717_小学前_100923小区_IMG_20100924_1081.JPG]')"">&nbsp;</span>"
2010,20100717_小学前_100923小区_IMG_20100924_1095.JPG,https://z3.ax1x.com/2021/06/07/2B9STf.jpg,,"仔仔zz,妈妈mm",,b.html,"<a href=""b.html""><img src=""https://z3.ax1x.com/2021/06/07/2B9STf.jpg"" tag=""2010,,仔仔zz,妈妈mm,""></a><span class=""tip"" id=""https://z3.ax1x.com/2021/06/07/2B9STf.jpg"" onclick=""alert('2010,,仔仔zz,妈妈mm,,[20100717_小学前_100923小区_IMG_20100924_1095.JPG]')"">&nbsp;</span>"
2010,20100717_小学前_100923小区_IMG_20100924_1096.JPG,https://z3.ax1x.com/2021/06/07/2B9CtS.jpg,,"仔仔zz,妈妈mm",,b.html,"<a href=""b.html""><img src=""https://z3.ax1x.com/2021/06/07/2B9CtS.jpg"" tag=""2010,,仔仔zz,妈妈mm,""></a><span class=""tip"" id=""https://z3.ax1x.com/2021/06/07/2B9CtS.jpg"" onclick=""alert('2010,,仔仔zz,妈妈mm,,[20100717_小学前_100923小区_IMG_20100924_1096.JPG]')"">&nbsp;</span>"
2010,20100717_小学前_100923小区_IMG_20100924_1112.JPG,https://z3.ax1x.com/2021/06/07/2B9Pfg.jpg,,"仔仔zz,妈妈mm",,b.html,"<a href=""b.html""><img src=""https://z3.ax1x.com/2021/06/07/2B9Pfg.jpg"" tag=""2010,,仔仔zz,妈妈mm,""></a><span class=""tip"" id=""https://z3.ax1x.com/2021/06/07/2B9Pfg.jpg"" onclick=""alert('2010,,仔仔zz,妈妈mm,,[20100717_小学前_100923小区_IMG_20100924_1112.JPG]')"">&nbsp;</span>"
2010,20100718_小学前_101130日历_9m_IMG_20100718_11_159_1090.jpg,https://z3.ax1x.com/2021/06/07/2Bpz0P.jpg,,"仔仔zz,妈妈mm",,b.html,"<a href=""b.html""><img src=""https://z3.ax1x.com/2021/06/07/2Bpz0P.jpg"" tag=""2010,,仔仔zz,妈妈mm,""></a><span class=""tip"" id=""https://z3.ax1x.com/2021/06/07/2Bpz0P.jpg"" onclick=""alert('2010,,仔仔zz,妈妈mm,,[20100718_小学前_101130日历_9m_IMG_20100718_11_159_1090.jpg]')"">&nbsp;</span>"
2010,20100721_小学前_100923小区_IMG_20100924_1132.JPG,https://z3.ax1x.com/2021/06/07/2B9FpQ.jpg,,仔仔zz,,b.html,"<a href=""b.html""><img src=""https://z3.ax1x.com/2021/06/07/2B9FpQ.jpg"" tag=""2010,,仔仔zz,""></a><span class=""tip"" id=""https://z3.ax1x.com/2021/06/07/2B9FpQ.jpg"" onclick=""alert('2010,,仔仔zz,,[20100721_小学前_100923小区_IMG_20100924_1132.JPG]')"">&nbsp;</span>"
2010,20100725_小学前_100923小区_IMG_20100924_1164.JPG,https://z3.ax1x.com/2021/06/07/2B9klj.jpg,,"仔仔zz,爷爷yy",,b.html,"<a href=""b.html""><img src=""https://z3.ax1x.com/2021/06/07/2B9klj.jpg"" tag=""2010,,仔仔zz,爷爷yy,""></a><span class=""tip"" id=""https://z3.ax1x.com/2021/06/07/2B9klj.jpg"" onclick=""alert('2010,,仔仔zz,爷爷yy,,[20100725_小学前_100923小区_IMG_20100924_1164.JPG]')"">&nbsp;</span>"
2010,20100801_小学前_100923小区_IMG_20100924_1184.JPG,https://z3.ax1x.com/2021/06/07/2B9A6s.jpg,,仔仔zz,,b.html,"<a href=""b.html""><img src=""https://z3.ax1x.com/2021/06/07/2B9A6s.jpg"" tag=""2010,,仔仔zz,""></a><span class=""tip"" id=""https://z3.ax1x.com/2021/06/07/2B9A6s.jpg"" onclick=""alert('2010,,仔仔zz,,[20100801_小学前_100923小区_IMG_20100924_1184.JPG]')"">&nbsp;</span>"
2010,20100807_小学前_100923小区_IMG_20100924_1242.JPG,https://z3.ax1x.com/2021/06/07/2B9EXn.jpg,,仔仔zz,,b.html,"<a href=""b.html""><img src=""https://z3.ax1x.com/2021/06/07/2B9EXn.jpg"" tag=""2010,,仔仔zz,""></a><span class=""tip"" id=""https://z3.ax1x.com/2021/06/07/2B9EXn.jpg"" onclick=""alert('2010,,仔仔zz,,[20100807_小学前_100923小区_IMG_20100924_1242.JPG]')"">&nbsp;</span>"
2010,20100807_小学前_100923小区_IMG_20100924_1244.JPG,https://z3.ax1x.com/2021/06/07/2B9Zmq.jpg,,仔仔zz,,b.html,"<a href=""b.html""><img src=""https://z3.ax1x.com/2021/06/07/2B9Zmq.jpg"" tag=""2010,,仔仔zz,""></a><span class=""tip"" id=""https://z3.ax1x.com/2021/06/07/2B9Zmq.jpg"" onclick=""alert('2010,,仔仔zz,,[20100807_小学前_100923小区_IMG_20100924_1244.JPG]')"">&nbsp;</span>"
2010,20100815_小学前_100923小区_IMG_20100924_1259.JPG,https://z3.ax1x.com/2021/06/07/2B9e00.jpg,,仔仔zz,,b.html,"<a href=""b.html""><img src=""https://z3.ax1x.com/2021/06/07/2B9e00.jpg"" tag=""2010,,仔仔zz,""></a><span class=""tip"" id=""https://z3.ax1x.com/2021/06/07/2B9e00.jpg"" onclick=""alert('2010,,仔仔zz,,[20100815_小学前_100923小区_IMG_20100924_1259.JPG]')"">&nbsp;</span>"
2010,20100815_小学前_100923小区_IMG_20100924_1276.JPG,https://z3.ax1x.com/2021/06/07/2B9m7V.jpg,,"仔仔zz,妈妈mm",,b.html,"<a href=""b.html""><img src=""https://z3.ax1x.com/2021/06/07/2B9m7V.jpg"" tag=""2010,,仔仔zz,妈妈mm,""></a><span class=""tip"" id=""https://z3.ax1x.com/2021/06/07/2B9m7V.jpg"" onclick=""alert('2010,,仔仔zz,妈妈mm,,[20100815_小学前_100923小区_IMG_20100924_1276.JPG]')"">&nbsp;</span>"
2010,20100815_小学前_100923小区_IMG_20100924_1287.JPG,https://z3.ax1x.com/2021/06/07/2B9ukT.jpg,,仔仔zz,,b.html,"<a href=""b.html""><img src=""https://z3.ax1x.com/2021/06/07/2B9ukT.jpg"" tag=""2010,,仔仔zz,""></a><span class=""tip"" id=""https://z3.ax1x.com/2021/06/07/2B9ukT.jpg"" onclick=""alert('2010,,仔仔zz,,[20100815_小学前_100923小区_IMG_20100924_1287.JPG]')"">&nbsp;</span>"
2010,20100815_小学前_100923小区_IMG_20100924_1305.JPG,https://z3.ax1x.com/2021/06/07/2B9KtU.jpg,,"仔仔zz,妈妈mm",,b.html,"<a href=""b.html""><img src=""https://z3.ax1x.com/2021/06/07/2B9KtU.jpg"" tag=""2010,,仔仔zz,妈妈mm,""></a><span class=""tip"" id=""https://z3.ax1x.com/2021/06/07/2B9KtU.jpg"" onclick=""alert('2010,,仔仔zz,妈妈mm,,[20100815_小学前_100923小区_IMG_20100924_1305.JPG]')"">&nbsp;</span>"
2010,20100816_小学前_101130日历_9m_IMG_20100816_12_188_1351.jpg,https://z3.ax1x.com/2021/06/07/2B9MhF.jpg,,仔仔zz,,b.html,"<a href=""b.html""><img src=""https://z3.ax1x.com/2021/06/07/2B9MhF.jpg"" tag=""2010,,仔仔zz,""></a><span class=""tip"" id=""https://z3.ax1x.com/2021/06/07/2B9MhF.jpg"" onclick=""alert('2010,,仔仔zz,,[20100816_小学前_101130日历_9m_IMG_20100816_12_188_1351.jpg]')"">&nbsp;</span>"
2010,20100820_小学前_100923小区_IMG_20100924_1445.JPG,https://z3.ax1x.com/2021/06/07/2B9lp4.jpg,,"仔仔zz,爷爷yy,奶奶nn",,b.html,"<a href=""b.html""><img src=""https://z3.ax1x.com/2021/06/07/2B9lp4.jpg"" tag=""2010,,仔仔zz,爷爷yy,奶奶nn,""></a><span class=""tip"" id=""https://z3.ax1x.com/2021/06/07/2B9lp4.jpg"" onclick=""alert('2010,,仔仔zz,爷爷yy,奶奶nn,,[20100820_小学前_100923小区_IMG_20100924_1445.JPG]')"">&nbsp;</span>"
2010,20100821_小学前_100923小区_IMG_20100924_1464.JPG,https://z3.ax1x.com/2021/06/07/2B911J.jpg,,仔仔zz,,b.html,"<a href=""b.html""><img src=""https://z3.ax1x.com/2021/06/07/2B911J.jpg"" tag=""2010,,仔仔zz,""></a><span class=""tip"" id=""https://z3.ax1x.com/2021/06/07/2B911J.jpg"" onclick=""alert('2010,,仔仔zz,,[20100821_小学前_100923小区_IMG_20100924_1464.JPG]')"">&nbsp;</span>"
2010,20100821_小学前_100923小区_IMG_20100924_1468.JPG,https://z3.ax1x.com/2021/06/07/2B93c9.jpg,,仔仔zz,,b.html,"<a href=""b.html""><img src=""https://z3.ax1x.com/2021/06/07/2B93c9.jpg"" tag=""2010,,仔仔zz,""></a><span class=""tip"" id=""https://z3.ax1x.com/2021/06/07/2B93c9.jpg"" onclick=""alert('2010,,仔仔zz,,[20100821_小学前_100923小区_IMG_20100924_1468.JPG]')"">&nbsp;</span>"
2010,20100822_小学前_101130日历_9m_IMG_20100822_09_194_1473.jpg,https://z3.ax1x.com/2021/06/07/2B98XR.jpg,,仔仔zz,,b.html,"<a href=""b.html""><img src=""https://z3.ax1x.com/2021/06/07/2B98XR.jpg"" tag=""2010,,仔仔zz,""></a><span class=""tip"" id=""https://z3.ax1x.com/2021/06/07/2B98XR.jpg"" onclick=""alert('2010,,仔仔zz,,[20100822_小学前_101130日历_9m_IMG_20100822_09_194_1473.jpg]')"">&nbsp;</span>"
2010,20100828_小学前_100923小区_IMG_20100924_1529.JPG,https://z3.ax1x.com/2021/06/07/2B9Jn1.jpg,,仔仔zz,,b.html,"<a href=""b.html""><img src=""https://z3.ax1x.com/2021/06/07/2B9Jn1.jpg"" tag=""2010,,仔仔zz,""></a><span class=""tip"" id=""https://z3.ax1x.com/2021/06/07/2B9Jn1.jpg"" onclick=""alert('2010,,仔仔zz,,[20100828_小学前_100923小区_IMG_20100924_1529.JPG]')"">&nbsp;</span>"
2010,20100904_小学前_100923小区_IMG_20100924_1599.JPG,https://z3.ax1x.com/2021/06/07/2B9Y0x.jpg,,"仔仔zz,妈妈mm",,b.html,"<a href=""b.html""><img src=""https://z3.ax1x.com/2021/06/07/2B9Y0x.jpg"" tag=""2010,,仔仔zz,妈妈mm,""></a><span class=""tip"" id=""https://z3.ax1x.com/2021/06/07/2B9Y0x.jpg"" onclick=""alert('2010,,仔仔zz,妈妈mm,,[20100904_小学前_100923小区_IMG_20100924_1599.JPG]')"">&nbsp;</span>"
2010,20100904_小学前_100923小区_IMG_20100924_1600.JPG,https://z3.ax1x.com/2021/06/07/2B9t76.jpg,,仔仔zz,,b.html,"<a href=""b.html""><img src=""https://z3.ax1x.com/2021/06/07/2B9t76.jpg"" tag=""2010,,仔仔zz,""></a><span class=""tip"" id=""https://z3.ax1x.com/2021/06/07/2B9t76.jpg"" onclick=""alert('2010,,仔仔zz,,[20100904_小学前_100923小区_IMG_20100924_1600.JPG]')"">&nbsp;</span>"
2010,20100904_小学前_100923小区_IMG_20100924_1606.JPG,https://z3.ax1x.com/2021/06/07/2B9UAK.jpg,,"仔仔zz,妈妈mm",,b.html,"<a href=""b.html""><img src=""https://z3.ax1x.com/2021/06/07/2B9UAK.jpg"" tag=""2010,,仔仔zz,妈妈mm,""></a><span class=""tip"" id=""https://z3.ax1x.com/2021/06/07/2B9UAK.jpg"" onclick=""alert('2010,,仔仔zz,妈妈mm,,[20100904_小学前_100923小区_IMG_20100924_1606.JPG]')"">&nbsp;</span>"
2010,20100904_小学前_100923小区_IMG_20100924_1611.JPG,https://z3.ax1x.com/2021/06/07/2B99k8.jpg,,"仔仔zz,妈妈mm",,b.html,"<a href=""b.html""><img src=""https://z3.ax1x.com/2021/06/07/2B99k8.jpg"" tag=""2010,,仔仔zz,妈妈mm,""></a><span class=""tip"" id=""https://z3.ax1x.com/2021/06/07/2B99k8.jpg"" onclick=""alert('2010,,仔仔zz,妈妈mm,,[20100904_小学前_100923小区_IMG_20100924_1611.JPG]')"">&nbsp;</span>"
2010,20100904_小学前_100923小区_IMG_20100924_1617.JPG,https://z3.ax1x.com/2021/06/07/2B9B1H.jpg,,"仔仔zz,妈妈mm",,b.html,"<a href=""b.html""><img src=""https://z3.ax1x.com/2021/06/07/2B9B1H.jpg"" tag=""2010,,仔仔zz,妈妈mm,""></a><span class=""tip"" id=""https://z3.ax1x.com/2021/06/07/2B9B1H.jpg"" onclick=""alert('2010,,仔仔zz,妈妈mm,,[20100904_小学前_100923小区_IMG_20100924_1617.JPG]')"">&nbsp;</span>"
2010,20100904_小学前_100923小区_IMG_20100924_1623.JPG,https://z3.ax1x.com/2021/06/07/2B9Dcd.jpg,,仔仔zz,,b.html,"<a href=""b.html""><img src=""https://z3.ax1x.com/2021/06/07/2B9Dcd.jpg"" tag=""2010,,仔仔zz,""></a><span class=""tip"" id=""https://z3.ax1x.com/2021/06/07/2B9Dcd.jpg"" onclick=""alert('2010,,仔仔zz,,[20100904_小学前_100923小区_IMG_20100924_1623.JPG]')"">&nbsp;</span>"
2010,20100904_小学前_100923小区_IMG_20100924_1635.JPG,https://z3.ax1x.com/2021/06/07/2B909e.jpg,,"仔仔zz,妈妈mm",,b.html,"<a href=""b.html""><img src=""https://z3.ax1x.com/2021/06/07/2B909e.jpg"" tag=""2010,,仔仔zz,妈妈mm,""></a><span class=""tip"" id=""https://z3.ax1x.com/2021/06/07/2B909e.jpg"" onclick=""alert('2010,,仔仔zz,妈妈mm,,[20100904_小学前_100923小区_IMG_20100924_1635.JPG]')"">&nbsp;</span>"
2010,20100904_小学前_100923小区_IMG_20100924_1640.JPG,https://z3.ax1x.com/2021/06/07/2B9rjA.jpg,,仔仔zz,,b.html,"<a href=""b.html""><img src=""https://z3.ax1x.com/2021/06/07/2B9rjA.jpg"" tag=""2010,,仔仔zz,""></a><span class=""tip"" id=""https://z3.ax1x.com/2021/06/07/2B9rjA.jpg"" onclick=""alert('2010,,仔仔zz,,[20100904_小学前_100923小区_IMG_20100924_1640.JPG]')"">&nbsp;</span>"
2010,20100905_小学前_100923小区_IMG_20100924_1676.JPG,https://z3.ax1x.com/2021/06/07/2B9ynI.jpg,,"仔仔zz,妈妈mm",,b.html,"<a href=""b.html""><img src=""https://z3.ax1x.com/2021/06/07/2B9ynI.jpg"" tag=""2010,,仔仔zz,妈妈mm,""></a><span class=""tip"" id=""https://z3.ax1x.com/2021/06/07/2B9ynI.jpg"" onclick=""alert('2010,,仔仔zz,妈妈mm,,[20100905_小学前_100923小区_IMG_20100924_1676.JPG]')"">&nbsp;</span>"
2010,20100905_小学前_101130日历_9m_IMG_20100905_15_208_1609.jpg,https://z3.ax1x.com/2021/06/07/2B96Bt.jpg,,"仔仔zz,妈妈mm",,b.html,"<a href=""b.html""><img src=""https://z3.ax1x.com/2021/06/07/2B96Bt.jpg"" tag=""2010,,仔仔zz,妈妈mm,""></a><span class=""tip"" id=""https://z3.ax1x.com/2021/06/07/2B96Bt.jpg"" onclick=""alert('2010,,仔仔zz,妈妈mm,,[20100905_小学前_101130日历_9m_IMG_20100905_15_208_1609.jpg]')"">&nbsp;</span>"
2010,20100918_小学前_100923小区_IMG_20100924_1709.JPG,https://z3.ax1x.com/2021/06/07/2B9dhD.jpg,,仔仔zz,,b.html,"<a href=""b.html""><img src=""https://z3.ax1x.com/2021/06/07/2B9dhD.jpg"" tag=""2010,,仔仔zz,""></a><span class=""tip"" id=""https://z3.ax1x.com/2021/06/07/2B9dhD.jpg"" onclick=""alert('2010,,仔仔zz,,[20100918_小学前_100923小区_IMG_20100924_1709.JPG]')"">&nbsp;</span>"
2010,20100918_小学前_100923小区_IMG_20100924_1710.JPG,https://z3.ax1x.com/2021/06/08/2BDfg0.jpg,,仔仔zz,,b.html,"<a href=""b.html""><img src=""https://z3.ax1x.com/2021/06/08/2BDfg0.jpg"" tag=""2010,,仔仔zz,""></a><span class=""tip"" id=""https://z3.ax1x.com/2021/06/08/2BDfg0.jpg"" onclick=""alert('2010,,仔仔zz,,[20100918_小学前_100923小区_IMG_20100924_1710.JPG]')"">&nbsp;</span>"
2010,20100918_小学前_100923小区_IMG_20100924_1716.JPG,https://z3.ax1x.com/2021/06/08/2BDW3q.jpg,,"仔仔zz,妈妈mm",,b.html,"<a href=""b.html""><img src=""https://z3.ax1x.com/2021/06/08/2BDW3q.jpg"" tag=""2010,,仔仔zz,妈妈mm,""></a><span class=""tip"" id=""https://z3.ax1x.com/2021/06/08/2BDW3q.jpg"" onclick=""alert('2010,,仔仔zz,妈妈mm,,[20100918_小学前_100923小区_IMG_20100924_1716.JPG]')"">&nbsp;</span>"
2010,20100919_小学前_101130日历_9m_IMG_20100919_13_222_1703.jpg,https://z3.ax1x.com/2021/06/08/2BDRCn.jpg,,仔仔zz,,b.html,"<a href=""b.html""><img src=""https://z3.ax1x.com/2021/06/08/2BDRCn.jpg"" tag=""2010,,仔仔zz,""></a><span class=""tip"" id=""https://z3.ax1x.com/2021/06/08/2BDRCn.jpg"" onclick=""alert('2010,,仔仔zz,,[20100919_小学前_101130日历_9m_IMG_20100919_13_222_1703.jpg]')"">&nbsp;</span>"
2010,20100427_小学前_100523西安坐月子-ok_IMG_20100523_0630.JPG,https://z3.ax1x.com/2021/06/08/2sJTxS.jpg,,仔仔zz,洗澡,b.html,"<a href=""b.html""><img src=""https://z3.ax1x.com/2021/06/08/2sJTxS.jpg"" tag=""2010,,仔仔zz,洗澡""></a><span class=""tip"" id=""https://z3.ax1x.com/2021/06/08/2sJTxS.jpg"" onclick=""alert('2010,,仔仔zz,洗澡,[20100427_小学前_100523西安坐月子-ok_IMG_20100523_0630.JPG]')"">&nbsp;</span>"
2010,20100923_小学前_100923小区_IMG_20100924_1737.JPG,https://z3.ax1x.com/2021/06/08/2sJNDJ.jpg,,仔仔zz,,b.html,"<a href=""b.html""><img src=""https://z3.ax1x.com/2021/06/08/2sJNDJ.jpg"" tag=""2010,,仔仔zz,""></a><span class=""tip"" id=""https://z3.ax1x.com/2021/06/08/2sJNDJ.jpg"" onclick=""alert('2010,,仔仔zz,,[20100923_小学前_100923小区_IMG_20100924_1737.JPG]')"">&nbsp;</span>"
2010,20100923_小学前_100923小区_IMG_20100924_1746.JPG,https://z3.ax1x.com/2021/06/08/2sJUb9.jpg,,"仔仔zz,妈妈mm",,b.html,"<a href=""b.html""><img src=""https://z3.ax1x.com/2021/06/08/2sJUb9.jpg"" tag=""2010,,仔仔zz,妈妈mm,""></a><span class=""tip"" id=""https://z3.ax1x.com/2021/06/08/2sJUb9.jpg"" onclick=""alert('2010,,仔仔zz,妈妈mm,,[20100923_小学前_100923小区_IMG_20100924_1746.JPG]')"">&nbsp;</span>"
2010,20100923_小学前_100923小区_IMG_20100924_1786.JPG,https://z3.ax1x.com/2021/06/08/2sJwU1.jpg,,仔仔zz,,b.html,"<a href=""b.html""><img src=""https://z3.ax1x.com/2021/06/08/2sJwU1.jpg"" tag=""2010,,仔仔zz,""></a><span class=""tip"" id=""https://z3.ax1x.com/2021/06/08/2sJwU1.jpg"" onclick=""alert('2010,,仔仔zz,,[20100923_小学前_100923小区_IMG_20100924_1786.JPG]')"">&nbsp;</span>"
2010,20100923_小学前_100923小区_IMG_20100924_1795.JPG,https://z3.ax1x.com/2021/06/08/2sJdER.jpg,,仔仔zz,,b.html,"<a href=""b.html""><img src=""https://z3.ax1x.com/2021/06/08/2sJdER.jpg"" tag=""2010,,仔仔zz,""></a><span class=""tip"" id=""https://z3.ax1x.com/2021/06/08/2sJdER.jpg"" onclick=""alert('2010,,仔仔zz,,[20100923_小学前_100923小区_IMG_20100924_1795.JPG]')"">&nbsp;</span>"
2010,20100923_小学前_101130日历_9m_IMG_20100924_14_227_1790.jpg,https://z3.ax1x.com/2021/06/08/2sJtu4.jpg,,仔仔zz,,b.html,"<a href=""b.html""><img src=""https://z3.ax1x.com/2021/06/08/2sJtu4.jpg"" tag=""2010,,仔仔zz,""></a><span class=""tip"" id=""https://z3.ax1x.com/2021/06/08/2sJtu4.jpg"" onclick=""alert('2010,,仔仔zz,,[20100923_小学前_101130日历_9m_IMG_20100924_14_227_1790.jpg]')"">&nbsp;</span>"
2010,20100923_小学前_101130日历_xc_IMG_20100923_19.JPG,https://z3.ax1x.com/2021/06/08/2sJ04x.jpg,,"仔仔zz,爸爸bb",,b.html,"<a href=""b.html""><img src=""https://z3.ax1x.com/2021/06/08/2sJ04x.jpg"" tag=""2010,,仔仔zz,爸爸bb,""></a><span class=""tip"" id=""https://z3.ax1x.com/2021/06/08/2sJ04x.jpg"" onclick=""alert('2010,,仔仔zz,爸爸bb,,[20100923_小学前_101130日历_xc_IMG_20100923_19.JPG]')"">&nbsp;</span>"
2010,20100924_小学前_100924世纪公园_IMG_20100924_1822.JPG,https://z3.ax1x.com/2021/06/08/2sJDC6.jpg,,仔仔zz,,b.html,"<a href=""b.html""><img src=""https://z3.ax1x.com/2021/06/08/2sJDC6.jpg"" tag=""2010,,仔仔zz,""></a><span class=""tip"" id=""https://z3.ax1x.com/2021/06/08/2sJDC6.jpg"" onclick=""alert('2010,,仔仔zz,,[20100924_小学前_100924世纪公园_IMG_20100924_1822.JPG]')"">&nbsp;</span>"
2010,20100924_小学前_100924世纪公园_IMG_20100924_1831.JPG,https://z3.ax1x.com/2021/06/08/2sJr8K.jpg,,仔仔zz,,b.html,"<a href=""b.html""><img src=""https://z3.ax1x.com/2021/06/08/2sJr8K.jpg"" tag=""2010,,仔仔zz,""></a><span class=""tip"" id=""https://z3.ax1x.com/2021/06/08/2sJr8K.jpg"" onclick=""alert('2010,,仔仔zz,,[20100924_小学前_100924世纪公园_IMG_20100924_1831.JPG]')"">&nbsp;</span>"
2010,20100924_小学前_100924世纪公园_IMG_20100924_1834.JPG,https://z3.ax1x.com/2021/06/08/2sJsgO.jpg,,"仔仔zz,妈妈mm",,b.html,"<a href=""b.html""><img src=""https://z3.ax1x.com/2021/06/08/2sJsgO.jpg"" tag=""2010,,仔仔zz,妈妈mm,""></a><span class=""tip"" id=""https://z3.ax1x.com/2021/06/08/2sJsgO.jpg"" onclick=""alert('2010,,仔仔zz,妈妈mm,,[20100924_小学前_100924世纪公园_IMG_20100924_1834.JPG]')"">&nbsp;</span>"
2010,20100924_小学前_100924世纪公园_IMG_20100924_1835.JPG,https://z3.ax1x.com/2021/06/08/2sJyvD.jpg,,"仔仔zz,妈妈mm",,b.html,"<a href=""b.html""><img src=""https://z3.ax1x.com/2021/06/08/2sJyvD.jpg"" tag=""2010,,仔仔zz,妈妈mm,""></a><span class=""tip"" id=""https://z3.ax1x.com/2021/06/08/2sJyvD.jpg"" onclick=""alert('2010,,仔仔zz,妈妈mm,,[20100924_小学前_100924世纪公园_IMG_20100924_1835.JPG]')"">&nbsp;</span>"
2010,20100924_小学前_100924世纪公园_IMG_20100924_1839.JPG,https://z3.ax1x.com/2021/06/08/2sJcKe.jpg,,"仔仔zz,妈妈mm",,b.html,"<a href=""b.html""><img src=""https://z3.ax1x.com/2021/06/08/2sJcKe.jpg"" tag=""2010,,仔仔zz,妈妈mm,""></a><span class=""tip"" id=""https://z3.ax1x.com/2021/06/08/2sJcKe.jpg"" onclick=""alert('2010,,仔仔zz,妈妈mm,,[20100924_小学前_100924世纪公园_IMG_20100924_1839.JPG]')"">&nbsp;</span>"
2010,20100924_小学前_100924世纪公园_IMG_20100924_1851.JPG,https://z3.ax1x.com/2021/06/08/2sJgDH.jpg,,"仔仔zz,妈妈mm",,b.html,"<a href=""b.html""><img src=""https://z3.ax1x.com/2021/06/08/2sJgDH.jpg"" tag=""2010,,仔仔zz,妈妈mm,""></a><span class=""tip"" id=""https://z3.ax1x.com/2021/06/08/2sJgDH.jpg"" onclick=""alert('2010,,仔仔zz,妈妈mm,,[20100924_小学前_100924世纪公园_IMG_20100924_1851.JPG]')"">&nbsp;</span>"
2010,20100924_小学前_100924世纪公园_IMG_20100924_1852.JPG,https://z3.ax1x.com/2021/06/08/2sJ2bd.jpg,,"仔仔zz,妈妈mm",,b.html,"<a href=""b.html""><img src=""https://z3.ax1x.com/2021/06/08/2sJ2bd.jpg"" tag=""2010,,仔仔zz,妈妈mm,""></a><span class=""tip"" id=""https://z3.ax1x.com/2021/06/08/2sJ2bd.jpg"" onclick=""alert('2010,,仔仔zz,妈妈mm,,[20100924_小学前_100924世纪公园_IMG_20100924_1852.JPG]')"">&nbsp;</span>"
2010,20100924_小学前_100924世纪公园_IMG_20100924_1871.JPG,https://z3.ax1x.com/2021/06/08/2sJWVA.jpg,,"仔仔zz,爸爸bb",,b.html,"<a href=""b.html""><img src=""https://z3.ax1x.com/2021/06/08/2sJWVA.jpg"" tag=""2010,,仔仔zz,爸爸bb,""></a><span class=""tip"" id=""https://z3.ax1x.com/2021/06/08/2sJWVA.jpg"" onclick=""alert('2010,,仔仔zz,爸爸bb,,[20100924_小学前_100924世纪公园_IMG_20100924_1871.JPG]')"">&nbsp;</span>"
2010,20100924_小学前_100924世纪公园_IMG_20100924_1874.JPG,https://z3.ax1x.com/2021/06/08/2sJfUI.jpg,,"仔仔zz,妈妈mm",,b.html,"<a href=""b.html""><img src=""https://z3.ax1x.com/2021/06/08/2sJfUI.jpg"" tag=""2010,,仔仔zz,妈妈mm,""></a><span class=""tip"" id=""https://z3.ax1x.com/2021/06/08/2sJfUI.jpg"" onclick=""alert('2010,,仔仔zz,妈妈mm,,[20100924_小学前_100924世纪公园_IMG_20100924_1874.JPG]')"">&nbsp;</span>"
2010,20100924_小学前_100924世纪公园_IMG_20100924_1876.JPG,https://z3.ax1x.com/2021/06/08/2sJh5t.jpg,,仔仔zz,,b.html,"<a href=""b.html""><img src=""https://z3.ax1x.com/2021/06/08/2sJh5t.jpg"" tag=""2010,,仔仔zz,""></a><span class=""tip"" id=""https://z3.ax1x.com/2021/06/08/2sJh5t.jpg"" onclick=""alert('2010,,仔仔zz,,[20100924_小学前_100924世纪公园_IMG_20100924_1876.JPG]')"">&nbsp;</span>"
2010,20100924_小学前_100924世纪公园_IMG_20100924_1912.JPG,https://z3.ax1x.com/2021/06/08/2sJ5PP.jpg,,仔仔zz,,b.html,"<a href=""b.html""><img src=""https://z3.ax1x.com/2021/06/08/2sJ5PP.jpg"" tag=""2010,,仔仔zz,""></a><span class=""tip"" id=""https://z3.ax1x.com/2021/06/08/2sJ5PP.jpg"" onclick=""alert('2010,,仔仔zz,,[20100924_小学前_100924世纪公园_IMG_20100924_1912.JPG]')"">&nbsp;</span>"
2010,20100924_小学前_100924世纪公园_IMG_20100924_1918.JPG,https://z3.ax1x.com/2021/06/08/2sJI8f.jpg,,仔仔zz,,b.html,"<a href=""b.html""><img src=""https://z3.ax1x.com/2021/06/08/2sJI8f.jpg"" tag=""2010,,仔仔zz,""></a><span class=""tip"" id=""https://z3.ax1x.com/2021/06/08/2sJI8f.jpg"" onclick=""alert('2010,,仔仔zz,,[20100924_小学前_100924世纪公园_IMG_20100924_1918.JPG]')"">&nbsp;</span>"
2010,20100924_小学前_100924世纪公园_IMG_20100924_1923.JPG,https://z3.ax1x.com/2021/06/08/2sJo28.jpg,,"仔仔zz,妈妈mm",,b.html,"<a href=""b.html""><img src=""https://z3.ax1x.com/2021/06/08/2sJo28.jpg"" tag=""2010,,仔仔zz,妈妈mm,""></a><span class=""tip"" id=""https://z3.ax1x.com/2021/06/08/2sJo28.jpg"" onclick=""alert('2010,,仔仔zz,妈妈mm,,[20100924_小学前_100924世纪公园_IMG_20100924_1923.JPG]')"">&nbsp;</span>"
2010,20100924_小学前_100924世纪公园_IMG_20100924_1937.JPG,https://z3.ax1x.com/2021/06/08/2sYPr4.jpg,,"仔仔zz,妈妈mm",,b.html,"<a href=""b.html""><img src=""https://z3.ax1x.com/2021/06/08/2sYPr4.jpg"" tag=""2010,,仔仔zz,妈妈mm,""></a><span class=""tip"" id=""https://z3.ax1x.com/2021/06/08/2sYPr4.jpg"" onclick=""alert('2010,,仔仔zz,妈妈mm,,[20100924_小学前_100924世纪公园_IMG_20100924_1937.JPG]')"">&nbsp;</span>"
2010,20100924_小学前_101130日历_9m_IMG_20100925_16_228_1870.jpg,https://z3.ax1x.com/2021/06/08/2sYiqJ.jpg,,"仔仔zz,爸爸bb",,b.html,"<a href=""b.html""><img src=""https://z3.ax1x.com/2021/06/08/2sYiqJ.jpg"" tag=""2010,,仔仔zz,爸爸bb,""></a><span class=""tip"" id=""https://z3.ax1x.com/2021/06/08/2sYiqJ.jpg"" onclick=""alert('2010,,仔仔zz,爸爸bb,,[20100924_小学前_101130日历_9m_IMG_20100925_16_228_1870.jpg]')"">&nbsp;</span>"
2010,20100924_小学前_101130日历_9m_IMG_20100925_17_228_1811.jpg,https://z3.ax1x.com/2021/06/08/2sYkZ9.jpg,,"仔仔zz,爷爷yy",,b.html,"<a href=""b.html""><img src=""https://z3.ax1x.com/2021/06/08/2sYkZ9.jpg"" tag=""2010,,仔仔zz,爷爷yy,""></a><span class=""tip"" id=""https://z3.ax1x.com/2021/06/08/2sYkZ9.jpg"" onclick=""alert('2010,,仔仔zz,爷爷yy,,[20100924_小学前_101130日历_9m_IMG_20100925_17_228_1811.jpg]')"">&nbsp;</span>"
2010,20100924_小学前_101130日历_9m_IMG_20100925_18_228_1886.jpg,https://z3.ax1x.com/2021/06/08/2sYAaR.jpg,,"仔仔zz,爷爷yy",,b.html,"<a href=""b.html""><img src=""https://z3.ax1x.com/2021/06/08/2sYAaR.jpg"" tag=""2010,,仔仔zz,爷爷yy,""></a><span class=""tip"" id=""https://z3.ax1x.com/2021/06/08/2sYAaR.jpg"" onclick=""alert('2010,,仔仔zz,爷爷yy,,[20100924_小学前_101130日历_9m_IMG_20100925_18_228_1886.jpg]')"">&nbsp;</span>"
2010,20100924_小学前_101130日历_9m_IMG_20100925_19_228_1905.jpg,https://z3.ax1x.com/2021/06/08/2sYEI1.jpg,,仔仔zz,,b.html,"<a href=""b.html""><img src=""https://z3.ax1x.com/2021/06/08/2sYEI1.jpg"" tag=""2010,,仔仔zz,""></a><span class=""tip"" id=""https://z3.ax1x.com/2021/06/08/2sYEI1.jpg"" onclick=""alert('2010,,仔仔zz,,[20100924_小学前_101130日历_9m_IMG_20100925_19_228_1905.jpg]')"">&nbsp;</span>"
2010,20100924_小学前_101130日历_9m_IMG_20100925_99_228_1928.jpg,https://z3.ax1x.com/2021/06/08/2sYZPx.jpg,,"仔仔zz,妈妈mm",,b.html,"<a href=""b.html""><img src=""https://z3.ax1x.com/2021/06/08/2sYZPx.jpg"" tag=""2010,,仔仔zz,妈妈mm,""></a><span class=""tip"" id=""https://z3.ax1x.com/2021/06/08/2sYZPx.jpg"" onclick=""alert('2010,,仔仔zz,妈妈mm,,[20100924_小学前_101130日历_9m_IMG_20100925_99_228_1928.jpg]')"">&nbsp;</span>"
2010,20100924_小学前_101130日历_xc_IMG_20100924_00.JPG,https://z3.ax1x.com/2021/06/08/2sYeG6.jpg,,"仔仔zz,爸爸bb,妈妈mm",,b.html,"<a href=""b.html""><img src=""https://z3.ax1x.com/2021/06/08/2sYeG6.jpg"" tag=""2010,,仔仔zz,爸爸bb,妈妈mm,""></a><span class=""tip"" id=""https://z3.ax1x.com/2021/06/08/2sYeG6.jpg"" onclick=""alert('2010,,仔仔zz,爸爸bb,妈妈mm,,[20100924_小学前_101130日历_xc_IMG_20100924_00.JPG]')"">&nbsp;</span>"
2010,20101001_小学前_101110小区_IMG_20101110_1955.JPG,https://z3.ax1x.com/2021/06/08/2sYmRK.jpg,,仔仔zz,,b.html,"<a href=""b.html""><img src=""https://z3.ax1x.com/2021/06/08/2sYmRK.jpg"" tag=""2010,,仔仔zz,""></a><span class=""tip"" id=""https://z3.ax1x.com/2021/06/08/2sYmRK.jpg"" onclick=""alert('2010,,仔仔zz,,[20101001_小学前_101110小区_IMG_20101110_1955.JPG]')"">&nbsp;</span>"
2010,20101001_小学前_101110小区_IMG_20101110_1961.JPG,https://z3.ax1x.com/2021/06/08/2sYnxO.jpg,,仔仔zz,,b.html,"<a href=""b.html""><img src=""https://z3.ax1x.com/2021/06/08/2sYnxO.jpg"" tag=""2010,,仔仔zz,""></a><span class=""tip"" id=""https://z3.ax1x.com/2021/06/08/2sYnxO.jpg"" onclick=""alert('2010,,仔仔zz,,[20101001_小学前_101110小区_IMG_20101110_1961.JPG]')"">&nbsp;</span>"
2010,20101001_小学前_101110小区_IMG_20101110_1965.JPG,https://z3.ax1x.com/2021/06/08/2sYKMD.jpg,,仔仔zz,,b.html,"<a href=""b.html""><img src=""https://z3.ax1x.com/2021/06/08/2sYKMD.jpg"" tag=""2010,,仔仔zz,""></a><span class=""tip"" id=""https://z3.ax1x.com/2021/06/08/2sYKMD.jpg"" onclick=""alert('2010,,仔仔zz,,[20101001_小学前_101110小区_IMG_20101110_1965.JPG]')"">&nbsp;</span>"
2010,20101002_小学前_101130日历_9m_IMG_20101002_20_235_1954.jpg,https://z3.ax1x.com/2021/06/08/2sYMse.jpg,,仔仔zz,,b.html,"<a href=""b.html""><img src=""https://z3.ax1x.com/2021/06/08/2sYMse.jpg"" tag=""2010,,仔仔zz,""></a><span class=""tip"" id=""https://z3.ax1x.com/2021/06/08/2sYMse.jpg"" onclick=""alert('2010,,仔仔zz,,[20101002_小学前_101130日历_9m_IMG_20101002_20_235_1954.jpg]')"">&nbsp;</span>"
2010,20101003_小学前_101110小区_IMG_20101110_1984.JPG,https://z3.ax1x.com/2021/06/08/2sJxP0.jpg,,仔仔zz,,b.html,"<a href=""b.html""><img src=""https://z3.ax1x.com/2021/06/08/2sJxP0.jpg"" tag=""2010,,仔仔zz,""></a><span class=""tip"" id=""https://z3.ax1x.com/2021/06/08/2sJxP0.jpg"" onclick=""alert('2010,,仔仔zz,,[20101003_小学前_101110小区_IMG_20101110_1984.JPG]')"">&nbsp;</span>"
2010,20101003_小学前_101110小区_IMG_20101110_1985.JPG,https://z3.ax1x.com/2021/06/08/2sJXan.jpg,,仔仔zz,,b.html,"<a href=""b.html""><img src=""https://z3.ax1x.com/2021/06/08/2sJXan.jpg"" tag=""2010,,仔仔zz,""></a><span class=""tip"" id=""https://z3.ax1x.com/2021/06/08/2sJXan.jpg"" onclick=""alert('2010,,仔仔zz,,[20101003_小学前_101110小区_IMG_20101110_1985.JPG]')"">&nbsp;</span>"
2010,20101003_小学前_101110小区_IMG_20101110_1986.JPG,https://z3.ax1x.com/2021/06/08/2sJqbj.jpg,,仔仔zz,,b.html,"<a href=""b.html""><img src=""https://z3.ax1x.com/2021/06/08/2sJqbj.jpg"" tag=""2010,,仔仔zz,""></a><span class=""tip"" id=""https://z3.ax1x.com/2021/06/08/2sJqbj.jpg"" onclick=""alert('2010,,仔仔zz,,[20101003_小学前_101110小区_IMG_20101110_1986.JPG]')"">&nbsp;</span>"
2010,20101003_小学前_101110小区_IMG_20101110_1990.JPG,https://z3.ax1x.com/2021/06/08/2sJOVs.jpg,,仔仔zz,,b.html,"<a href=""b.html""><img src=""https://z3.ax1x.com/2021/06/08/2sJOVs.jpg"" tag=""2010,,仔仔zz,""></a><span class=""tip"" id=""https://z3.ax1x.com/2021/06/08/2sJOVs.jpg"" onclick=""alert('2010,,仔仔zz,,[20101003_小学前_101110小区_IMG_20101110_1990.JPG]')"">&nbsp;</span>"
2010,20101003_小学前_101110小区_IMG_20101110_1992.JPG,https://z3.ax1x.com/2021/06/08/2sJj5q.jpg,,"仔仔zz,妈妈mm",,b.html,"<a href=""b.html""><img src=""https://z3.ax1x.com/2021/06/08/2sJj5q.jpg"" tag=""2010,,仔仔zz,妈妈mm,""></a><span class=""tip"" id=""https://z3.ax1x.com/2021/06/08/2sJj5q.jpg"" onclick=""alert('2010,,仔仔zz,妈妈mm,,[20101003_小学前_101110小区_IMG_20101110_1992.JPG]')"">&nbsp;</span>"
2010,20101003_小学前_101110小区_IMG_20101110_1997.JPG,https://z3.ax1x.com/2021/06/08/2sJzGV.jpg,,仔仔zz,,b.html,"<a href=""b.html""><img src=""https://z3.ax1x.com/2021/06/08/2sJzGV.jpg"" tag=""2010,,仔仔zz,""></a><span class=""tip"" id=""https://z3.ax1x.com/2021/06/08/2sJzGV.jpg"" onclick=""alert('2010,,仔仔zz,,[20101003_小学前_101110小区_IMG_20101110_1997.JPG]')"">&nbsp;</span>"
2010,20101105_小学前_101110小区_IMG_20101110_2155.JPG,https://z3.ax1x.com/2021/06/08/2sYS2T.jpg,,仔仔zz,,b.html,"<a href=""b.html""><img src=""https://z3.ax1x.com/2021/06/08/2sYS2T.jpg"" tag=""2010,,仔仔zz,""></a><span class=""tip"" id=""https://z3.ax1x.com/2021/06/08/2sYS2T.jpg"" onclick=""alert('2010,,仔仔zz,,[20101105_小学前_101110小区_IMG_20101110_2155.JPG]')"">&nbsp;</span>"
2010,20101106_小学前_101110小区_IMG_20101110_2180.JPG,https://z3.ax1x.com/2021/06/08/2sYpxU.jpg,,"仔仔zz,妈妈mm",,b.html,"<a href=""b.html""><img src=""https://z3.ax1x.com/2021/06/08/2sYpxU.jpg"" tag=""2010,,仔仔zz,妈妈mm,""></a><span class=""tip"" id=""https://z3.ax1x.com/2021/06/08/2sYpxU.jpg"" onclick=""alert('2010,,仔仔zz,妈妈mm,,[20101106_小学前_101110小区_IMG_20101110_2180.JPG]')"">&nbsp;</span>"
2010,20101106_小学前_101110小区_IMG_20101110_2204.JPG,https://z3.ax1x.com/2021/06/08/2sYCMF.jpg,,仔仔zz,,b.html,"<a href=""b.html""><img src=""https://z3.ax1x.com/2021/06/08/2sYCMF.jpg"" tag=""2010,,仔仔zz,""></a><span class=""tip"" id=""https://z3.ax1x.com/2021/06/08/2sYCMF.jpg"" onclick=""alert('2010,,仔仔zz,,[20101106_小学前_101110小区_IMG_20101110_2204.JPG]')"">&nbsp;</span>"
2010,20101106_小学前_101110小区_IMG_20101110_2206.JPG,https://z3.ax1x.com/2021/06/08/2sY8II.jpg,,仔仔zz,,b.html,"<a href=""b.html""><img src=""https://z3.ax1x.com/2021/06/08/2sY8II.jpg"" tag=""2010,,仔仔zz,""></a><span class=""tip"" id=""https://z3.ax1x.com/2021/06/08/2sY8II.jpg"" onclick=""alert('2010,,仔仔zz,,[20101106_小学前_101110小区_IMG_20101110_2206.JPG]')"">&nbsp;</span>"
2010,20101106_小学前_101110小区_IMG_20101110_2212.JPG,https://z3.ax1x.com/2021/06/08/2sY1Zd.jpg,,"仔仔zz,妈妈mm",,b.html,"<a href=""b.html""><img src=""https://z3.ax1x.com/2021/06/08/2sY1Zd.jpg"" tag=""2010,,仔仔zz,妈妈mm,""></a><span class=""tip"" id=""https://z3.ax1x.com/2021/06/08/2sY1Zd.jpg"" onclick=""alert('2010,,仔仔zz,妈妈mm,,[20101106_小学前_101110小区_IMG_20101110_2212.JPG]')"">&nbsp;</span>"
2010,20101106_小学前_101110小区_IMG_20101110_2220.JPG,https://z3.ax1x.com/2021/06/08/2sYJit.jpg,,"仔仔zz,妈妈mm",,b.html,"<a href=""b.html""><img src=""https://z3.ax1x.com/2021/06/08/2sYJit.jpg"" tag=""2010,,仔仔zz,妈妈mm,""></a><span class=""tip"" id=""https://z3.ax1x.com/2021/06/08/2sYJit.jpg"" onclick=""alert('2010,,仔仔zz,妈妈mm,,[20101106_小学前_101110小区_IMG_20101110_2220.JPG]')"">&nbsp;</span>"
2010,20101106_小学前_101121小区手机拍摄_IMG_20101121_0009.jpg,https://z3.ax1x.com/2021/06/08/2sY3dA.jpg,,仔仔zz,,b.html,"<a href=""b.html""><img src=""https://z3.ax1x.com/2021/06/08/2sY3dA.jpg"" tag=""2010,,仔仔zz,""></a><span class=""tip"" id=""https://z3.ax1x.com/2021/06/08/2sY3dA.jpg"" onclick=""alert('2010,,仔仔zz,,[20101106_小学前_101121小区手机拍摄_IMG_20101121_0009.jpg]')"">&nbsp;</span>"
2010,20101107_小学前_101121小区手机拍摄_IMG_20101121_0011.jpg,https://z3.ax1x.com/2021/06/08/2sYtRf.jpg,,仔仔zz,,b.html,"<a href=""b.html""><img src=""https://z3.ax1x.com/2021/06/08/2sYtRf.jpg"" tag=""2010,,仔仔zz,""></a><span class=""tip"" id=""https://z3.ax1x.com/2021/06/08/2sYtRf.jpg"" onclick=""alert('2010,,仔仔zz,,[20101107_小学前_101121小区手机拍摄_IMG_20101121_0011.jpg]')"">&nbsp;</span>"
2010,20101111_小学前_101121小区手机拍摄_IMG_20101121_0016.jpg,https://z3.ax1x.com/2021/06/08/2sYNz8.jpg,,"仔仔zz,爸爸bb",,b.html,"<a href=""b.html""><img src=""https://z3.ax1x.com/2021/06/08/2sYNz8.jpg"" tag=""2010,,仔仔zz,爸爸bb,""></a><span class=""tip"" id=""https://z3.ax1x.com/2021/06/08/2sYNz8.jpg"" onclick=""alert('2010,,仔仔zz,爸爸bb,,[20101111_小学前_101121小区手机拍摄_IMG_20101121_0016.jpg]')"">&nbsp;</span>"
2010,20101113_小学前_101121小区手机拍摄_IMG_20101121_0019.jpg,https://z3.ax1x.com/2021/06/08/2sYaQS.jpg,,"仔仔zz,爷爷yy",,b.html,"<a href=""b.html""><img src=""https://z3.ax1x.com/2021/06/08/2sYaQS.jpg"" tag=""2010,,仔仔zz,爷爷yy,""></a><span class=""tip"" id=""https://z3.ax1x.com/2021/06/08/2sYaQS.jpg"" onclick=""alert('2010,,仔仔zz,爷爷yy,,[20101113_小学前_101121小区手机拍摄_IMG_20101121_0019.jpg]')"">&nbsp;</span>"
2010,20101120_小学前_101120世纪公园_IMG_20101120_2235.JPG,https://z3.ax1x.com/2021/06/08/2sYdsg.jpg,,仔仔zz,,b.html,"<a href=""b.html""><img src=""https://z3.ax1x.com/2021/06/08/2sYdsg.jpg"" tag=""2010,,仔仔zz,""></a><span class=""tip"" id=""https://z3.ax1x.com/2021/06/08/2sYdsg.jpg"" onclick=""alert('2010,,仔仔zz,,[20101120_小学前_101120世纪公园_IMG_20101120_2235.JPG]')"">&nbsp;</span>"
2010,20101120_小学前_101120世纪公园_IMG_20101120_2268.JPG,https://z3.ax1x.com/2021/06/08/2sYwLQ.jpg,,"仔仔zz,妈妈mm",,b.html,"<a href=""b.html""><img src=""https://z3.ax1x.com/2021/06/08/2sYwLQ.jpg"" tag=""2010,,仔仔zz,妈妈mm,""></a><span class=""tip"" id=""https://z3.ax1x.com/2021/06/08/2sYwLQ.jpg"" onclick=""alert('2010,,仔仔zz,妈妈mm,,[20101120_小学前_101120世纪公园_IMG_20101120_2268.JPG]')"">&nbsp;</span>"
2010,20101120_小学前_101120世纪公园_IMG_20101120_2273.JPG,https://z3.ax1x.com/2021/06/08/2sYBZj.jpg,,仔仔zz,,b.html,"<a href=""b.html""><img src=""https://z3.ax1x.com/2021/06/08/2sYBZj.jpg"" tag=""2010,,仔仔zz,""></a><span class=""tip"" id=""https://z3.ax1x.com/2021/06/08/2sYBZj.jpg"" onclick=""alert('2010,,仔仔zz,,[20101120_小学前_101120世纪公园_IMG_20101120_2273.JPG]')"">&nbsp;</span>"
2010,20101120_小学前_101120世纪公园_IMG_20101120_2296.JPG,https://z3.ax1x.com/2021/06/08/2sYDds.jpg,,仔仔zz,,b.html,"<a href=""b.html""><img src=""https://z3.ax1x.com/2021/06/08/2sYDds.jpg"" tag=""2010,,仔仔zz,""></a><span class=""tip"" id=""https://z3.ax1x.com/2021/06/08/2sYDds.jpg"" onclick=""alert('2010,,仔仔zz,,[20101120_小学前_101120世纪公园_IMG_20101120_2296.JPG]')"">&nbsp;</span>"
2010,20101120_小学前_101120世纪公园_IMG_20101120_2297.JPG,https://z3.ax1x.com/2021/06/08/2sYron.jpg,,"仔仔zz,妈妈mm",,b.html,"<a href=""b.html""><img src=""https://z3.ax1x.com/2021/06/08/2sYron.jpg"" tag=""2010,,仔仔zz,妈妈mm,""></a><span class=""tip"" id=""https://z3.ax1x.com/2021/06/08/2sYron.jpg"" onclick=""alert('2010,,仔仔zz,妈妈mm,,[20101120_小学前_101120世纪公园_IMG_20101120_2297.JPG]')"">&nbsp;</span>"
2010,20101120_小学前_101120世纪公园_IMG_20101120_2305.JPG,https://z3.ax1x.com/2021/06/08/2sYyiq.jpg,,仔仔zz,,b.html,"<a href=""b.html""><img src=""https://z3.ax1x.com/2021/06/08/2sYyiq.jpg"" tag=""2010,,仔仔zz,""></a><span class=""tip"" id=""https://z3.ax1x.com/2021/06/08/2sYyiq.jpg"" onclick=""alert('2010,,仔仔zz,,[20101120_小学前_101120世纪公园_IMG_20101120_2305.JPG]')"">&nbsp;</span>"
2010,20101120_小学前_101120世纪公园_IMG_20101120_2328.JPG,https://z3.ax1x.com/2021/06/08/2sY6J0.jpg,,仔仔zz,,b.html,"<a href=""b.html""><img src=""https://z3.ax1x.com/2021/06/08/2sY6J0.jpg"" tag=""2010,,仔仔zz,""></a><span class=""tip"" id=""https://z3.ax1x.com/2021/06/08/2sY6J0.jpg"" onclick=""alert('2010,,仔仔zz,,[20101120_小学前_101120世纪公园_IMG_20101120_2328.JPG]')"">&nbsp;</span>"
2010,20101120_小学前_101120世纪公园_IMG_20101120_2349.JPG,https://z3.ax1x.com/2021/06/08/2sYcWV.jpg,,仔仔zz,,b.html,"<a href=""b.html""><img src=""https://z3.ax1x.com/2021/06/08/2sYcWV.jpg"" tag=""2010,,仔仔zz,""></a><span class=""tip"" id=""https://z3.ax1x.com/2021/06/08/2sYcWV.jpg"" onclick=""alert('2010,,仔仔zz,,[20101120_小学前_101120世纪公园_IMG_20101120_2349.JPG]')"">&nbsp;</span>"
2010,20101120_小学前_101120世纪公园_IMG_20101120_2357.JPG,https://z3.ax1x.com/2021/06/08/2sYgzT.jpg,,"仔仔zz,妈妈mm",,b.html,"<a href=""b.html""><img src=""https://z3.ax1x.com/2021/06/08/2sYgzT.jpg"" tag=""2010,,仔仔zz,妈妈mm,""></a><span class=""tip"" id=""https://z3.ax1x.com/2021/06/08/2sYgzT.jpg"" onclick=""alert('2010,,仔仔zz,妈妈mm,,[20101120_小学前_101120世纪公园_IMG_20101120_2357.JPG]')"">&nbsp;</span>"
2010,20101120_小学前_101120世纪公园_IMG_20101120_2362.JPG,https://z3.ax1x.com/2021/06/08/2sYRQU.jpg,,"仔仔zz,妈妈mm",,b.html,"<a href=""b.html""><img src=""https://z3.ax1x.com/2021/06/08/2sYRQU.jpg"" tag=""2010,,仔仔zz,妈妈mm,""></a><span class=""tip"" id=""https://z3.ax1x.com/2021/06/08/2sYRQU.jpg"" onclick=""alert('2010,,仔仔zz,妈妈mm,,[20101120_小学前_101120世纪公园_IMG_20101120_2362.JPG]')"">&nbsp;</span>"
2010,20101121_小学前_101121小区手机拍摄_IMG_20101121_0043.jpg,https://z3.ax1x.com/2021/06/08/2sYWyF.jpg,,"仔仔zz,妈妈mm",,b.html,"<a href=""b.html""><img src=""https://z3.ax1x.com/2021/06/08/2sYWyF.jpg"" tag=""2010,,仔仔zz,妈妈mm,""></a><span class=""tip"" id=""https://z3.ax1x.com/2021/06/08/2sYWyF.jpg"" onclick=""alert('2010,,仔仔zz,妈妈mm,,[20101121_小学前_101121小区手机拍摄_IMG_20101121_0043.jpg]')"">&nbsp;</span>"
2010,20101121_小学前_101121小区手机拍摄_IMG_20101121_0052.jpg,https://z3.ax1x.com/2021/06/08/2sYfL4.jpg,,"仔仔zz,爸爸bb",,b.html,"<a href=""b.html""><img src=""https://z3.ax1x.com/2021/06/08/2sYfL4.jpg"" tag=""2010,,仔仔zz,爸爸bb,""></a><span class=""tip"" id=""https://z3.ax1x.com/2021/06/08/2sYfL4.jpg"" onclick=""alert('2010,,仔仔zz,爸爸bb,,[20101121_小学前_101121小区手机拍摄_IMG_20101121_0052.jpg]')"">&nbsp;</span>"
2010,20101205_小学前_110208小区_IMG_20110208_2485.JPG,https://z3.ax1x.com/2021/06/08/2sYYJP.jpg,,仔仔zz,,b.html,"<a href=""b.html""><img src=""https://z3.ax1x.com/2021/06/08/2sYYJP.jpg"" tag=""2010,,仔仔zz,""></a><span class=""tip"" id=""https://z3.ax1x.com/2021/06/08/2sYYJP.jpg"" onclick=""alert('2010,,仔仔zz,,[20101205_小学前_110208小区_IMG_20110208_2485.JPG]')"">&nbsp;</span>"
