name,・,pic,拼音片名,类型,国家,艺人,推荐,COPY,
千与千寻,https://maoyan.com/films/1212,https://p0.meituan.net/movie/30b20139e68c46d02e0893277d633b701292458.jpg,qyqx,"动画,dh","日,r","宫崎骏,gqj","推荐,tj,zok","<a href=""https://maoyan.com/films/1212""><img src=""https://p0.meituan.net/movie/30b20139e68c46d02e0893277d633b701292458.jpg"" tag=""千与千寻,qyqx,动画,dh,日,r,宫崎骏,gqj,推荐,tj,zok""></a>","""<a href=""""""&B2&""""""><img src=""""""&C2&"""""" tag=""""""&A2&"",""&D2&"",""&E2&"",""&F2&"",""&G2&"",""&H2&""""""></a>"""
爱死机S1,https://maoyan.com/films/1252622,https://p1.meituan.net/movie/3d24b8f90476f1e732afdd46ff7a6ceb245138.jpg,asj,"动画,dh",,,"推荐,tj","<a href=""https://maoyan.com/films/1252622""><img src=""https://p1.meituan.net/movie/3d24b8f90476f1e732afdd46ff7a6ceb245138.jpg"" tag=""爱死机S1,asj,动画,dh,,,推荐,tj""></a>",
24小时,https://maoyan.com/films/409882,https://p1.meituan.net/movie/6168f82627a17984c0cd8fcc07cd8606213329.jpg,24xs,"剧集,jj",,,"推荐,tj","<a href=""https://maoyan.com/films/409882""><img src=""https://p1.meituan.net/movie/6168f82627a17984c0cd8fcc07cd8606213329.jpg"" tag=""24小时,24xs,剧集,jj,,,推荐,tj""></a>",
大国崛起,https://maoyan.com/films/410459,https://p0.meituan.net/movie/54479fd3d1225613fa7f7d478323a08e271076.jpg,dgjq,"记录,jl","中,z",,,"<a href=""https://maoyan.com/films/410459""><img src=""https://p0.meituan.net/movie/54479fd3d1225613fa7f7d478323a08e271076.jpg"" tag=""大国崛起,dgjq,记录,jl,中,z,,""></a>",
活着,https://maoyan.com/films/1375,https://p0.meituan.net/movie/8609f509a07d64da4c8bdc58db7a440a369264.jpg,hz,,"中,z","张艺谋,zym,巩俐,gl,葛优,gy","推荐,tj,ztj2","<a href=""https://maoyan.com/films/1375""><img src=""https://p0.meituan.net/movie/8609f509a07d64da4c8bdc58db7a440a369264.jpg"" tag=""活着,hz,,中,z,张艺谋,zym,巩俐,gl,葛优,gy,推荐,tj,ztj2""></a>",
2012,https://maoyan.com/films/771,https://p0.meituan.net/movie/6b809ae6d6040f4fb7b7943fe3701f2e398188.jpg,2012,"灾难,zn",,,zok,"<a href=""https://maoyan.com/films/771""><img src=""https://p0.meituan.net/movie/6b809ae6d6040f4fb7b7943fe3701f2e398188.jpg"" tag=""2012,2012,灾难,zn,,,zok""></a>",
白日梦想家,https://maoyan.com/films/78929,https://p1.meituan.net/movie/73df7d928eda9627e832b6d06af9895f1437614.jpg,brmxj,,,,"推荐,tj,ztj1","<a href=""https://maoyan.com/films/78929""><img src=""https://p1.meituan.net/movie/73df7d928eda9627e832b6d06af9895f1437614.jpg"" tag=""白日梦想家,brmxj,,,,推荐,tj,ztj1""></a>",
变形金刚1234,https://maoyan.com/films/20652,https://p0.meituan.net/moviemachine/de97b1a68a55eda37f1a5f0d853472a7929070.jpg,bxjg,"科幻,kh,动作,dz",,marvel,ztj1,"<a href=""https://maoyan.com/films/20652""><img src=""https://p0.meituan.net/moviemachine/de97b1a68a55eda37f1a5f0d853472a7929070.jpg"" tag=""变形金刚1234,bxjg,科幻,kh,动作,dz,,marvel,ztj1""></a>",
楚门的世界,https://maoyan.com/films/1304,https://p0.meituan.net/movie/59c05effc4755c627901fb7e044d071d851055.jpg,cmdsj,,,"金凯利,jkl","推荐,tj,ztj1","<a href=""https://maoyan.com/films/1304""><img src=""https://p0.meituan.net/movie/59c05effc4755c627901fb7e044d071d851055.jpg"" tag=""楚门的世界,cmdsj,,,金凯利,jkl,推荐,tj,ztj1""></a>",
地火危城,https://maoyan.com/films/4345,https://p1.meituan.net/movie/05942161f4c7a4bc40d8ff4c34dcf6cf194369.jpg,dhwc,"灾难,zn",,,"推荐,tj,ztj1","<a href=""https://maoyan.com/films/4345""><img src=""https://p1.meituan.net/movie/05942161f4c7a4bc40d8ff4c34dcf6cf194369.jpg"" tag=""地火危城,dhwc,灾难,zn,,,推荐,tj,ztj1""></a>",
独立日,https://maoyan.com/films/1895,https://p0.meituan.net/movie/7147f24e135d052222fbf8d0ac556c42520275.jpg,dlr,"科幻,kh",,,"推荐,tj,ztj1","<a href=""https://maoyan.com/films/1895""><img src=""https://p0.meituan.net/movie/7147f24e135d052222fbf8d0ac556c42520275.jpg"" tag=""独立日,dlr,科幻,kh,,,推荐,tj,ztj1""></a>",
盗梦空间,https://maoyan.com/films/416,https://p0.meituan.net/moviemachine/c2496a7290a72eac6081321898c347693550574.jpg,dmkj,"科幻,kh",,"诺兰,nl,莱昂纳多,land","推荐,tj,ztj1","<a href=""https://maoyan.com/films/416""><img src=""https://p0.meituan.net/moviemachine/c2496a7290a72eac6081321898c347693550574.jpg"" tag=""盗梦空间,dmkj,科幻,kh,,诺兰,nl,莱昂纳多,land,推荐,tj,ztj1""></a>",
嗝嗝老师,https://maoyan.com/films/1229020,https://p0.meituan.net/movie/36f1a50b4eae6aa93e3f7a373fb6ee89991083.jpg,ggls,,"印,y",,"推荐,tj,ztj1","<a href=""https://maoyan.com/films/1229020""><img src=""https://p0.meituan.net/movie/36f1a50b4eae6aa93e3f7a373fb6ee89991083.jpg"" tag=""嗝嗝老师,ggls,,印,y,,推荐,tj,ztj1""></a>",
国王的演讲,https://maoyan.com/films/95,https://p1.meituan.net/movie/be474a3a33490d2bebaffe33c6474dcb367066.jpg,gwdyj,,,,"推荐,tj,ztj1","<a href=""https://maoyan.com/films/95""><img src=""https://p1.meituan.net/movie/be474a3a33490d2bebaffe33c6474dcb367066.jpg"" tag=""国王的演讲,gwdyj,,,,推荐,tj,ztj1""></a>",
狐狸与我,https://maoyan.com/films/26934,https://p1.meituan.net/movie/79ffc6a618a71e712a144f486a8d75ad86308.jpg,hlyw,,,,"推荐,tj,ztj1","<a href=""https://maoyan.com/films/26934""><img src=""https://p1.meituan.net/movie/79ffc6a618a71e712a144f486a8d75ad86308.jpg"" tag=""狐狸与我,hlyw,,,,推荐,tj,ztj1""></a>",
海上钢琴师,https://maoyan.com/films/1292,https://p0.meituan.net/movie/609e45bd40346eb8b927381be8fb27a61760914.jpg,hsgqs,,,,"推荐,tj,ztj1","<a href=""https://maoyan.com/films/1292""><img src=""https://p0.meituan.net/movie/609e45bd40346eb8b927381be8fb27a61760914.jpg"" tag=""海上钢琴师,hsgqs,,,,推荐,tj,ztj1""></a>",
金刚,https://maoyan.com/films/13633,https://p0.meituan.net/movie/e37f4de214b5d4d28722f94b4557de56482912.jpg,jg,"冒险,mx",,,"推荐,tj,ztj1","<a href=""https://maoyan.com/films/13633""><img src=""https://p0.meituan.net/movie/e37f4de214b5d4d28722f94b4557de56482912.jpg"" tag=""金刚,jg,冒险,mx,,,推荐,tj,ztj1""></a>",
卢旺达饭店,https://maoyan.com/films/1234,https://p0.meituan.net/movie/1b8ad54b2efea48f5e87c381342189e1321141.jpg,lwdfd,"历史,ls",,,"推荐,tj,ztj1","<a href=""https://maoyan.com/films/1234""><img src=""https://p0.meituan.net/movie/1b8ad54b2efea48f5e87c381342189e1321141.jpg"" tag=""卢旺达饭店,lwdfd,历史,ls,,,推荐,tj,ztj1""></a>",
美国队长123,https://maoyan.com/films/625,https://p0.meituan.net/moviemachine/ecdfbdaa5954a3a82b8b2435faf29bed259482.webp,mgdz,"科幻,kh,动作,dz",,marvel,"推荐,tj,ztj1","<a href=""https://maoyan.com/films/625""><img src=""https://p0.meituan.net/moviemachine/ecdfbdaa5954a3a82b8b2435faf29bed259482.webp"" tag=""美国队长123,mgdz,科幻,kh,动作,dz,,marvel,推荐,tj,ztj1""></a>",
孟买酒店,https://maoyan.com/films/1217182,https://p1.meituan.net/movie/c54ab400a3f27ad0fd03169b19c8cf12340658.jpg,mmjd,,,,"推荐,tj,ztj1","<a href=""https://maoyan.com/films/1217182""><img src=""https://p1.meituan.net/movie/c54ab400a3f27ad0fd03169b19c8cf12340658.jpg"" tag=""孟买酒店,mmjd,,,,推荐,tj,ztj1""></a>",
怒火救援,https://maoyan.com/films/223672,https://p1.meituan.net/movie/dda3d585b2c190300bf56d0e7ca804b11402368.jpg,nhjy,"动作,dz",,"丹泽尔华盛顿,dzehsd","推荐,tj,ztj1","<a href=""https://maoyan.com/films/223672""><img src=""https://p1.meituan.net/movie/dda3d585b2c190300bf56d0e7ca804b11402368.jpg"" tag=""怒火救援,nhjy,动作,dz,,丹泽尔华盛顿,dzehsd,推荐,tj,ztj1""></a>",
人在逋局泰,https://maoyan.com/films/938,https://p1.meituan.net/movie/b2ea38905f821dfe7e8be5689b1bb21f365633.jpg,rzjtztj,"喜剧,xj","中,z","徐峥,xz,王宝强,wbq,黄渤,hb","推荐,tj,ztj1","<a href=""https://maoyan.com/films/938""><img src=""https://p1.meituan.net/movie/b2ea38905f821dfe7e8be5689b1bb21f365633.jpg"" tag=""人在逋局泰,rzjtztj,喜剧,xj,中,z,徐峥,xz,王宝强,wbq,黄渤,hb,推荐,tj,ztj1""></a>",
深海浩劫,https://maoyan.com/films/248675,https://p0.meituan.net/movie/7e9f9f8d514035338e03b3ffa61452cf386704.jpg,shhj,"灾难,zn",,,"推荐,tj,ztj1","<a href=""https://maoyan.com/films/248675""><img src=""https://p0.meituan.net/movie/7e9f9f8d514035338e03b3ffa61452cf386704.jpg"" tag=""深海浩劫,shhj,灾难,zn,,,推荐,tj,ztj1""></a>",
天崩地裂,https://maoyan.com/films/1516,https://p0.meituan.net/movie/ece0f57492d8604668223ba64510de97528738.jpg,tbdl,"灾难,zn",,"皮尔斯布鲁斯南,pesblsn","推荐,tj,ztj1","<a href=""https://maoyan.com/films/1516""><img src=""https://p0.meituan.net/movie/ece0f57492d8604668223ba64510de97528738.jpg"" tag=""天崩地裂,tbdl,灾难,zn,,皮尔斯布鲁斯南,pesblsn,推荐,tj,ztj1""></a>",
王牌特工12,https://maoyan.com/films/78589,https://p0.meituan.net/moviemachine/c64f2c8588cf642c44c569126681212a136474.webp,wptg,"动作,dz",,,"推荐,tj,ztj1","<a href=""https://maoyan.com/films/78589""><img src=""https://p0.meituan.net/moviemachine/c64f2c8588cf642c44c569126681212a136474.webp"" tag=""王牌特工12,wptg,动作,dz,,,推荐,tj,ztj1""></a>",
幸福终点站,https://maoyan.com/films/1339,https://p0.meituan.net/movie/701aecb88d2b1343286b8b45ba282c8d205273.jpg,xfzdz,"爱情,aq",,"斯皮尔伯格,spebg,汤姆汉克斯,tmhks,凯瑟琳泽塔琼斯,kslztqs","推荐,tj,ztj1","<a href=""https://maoyan.com/films/1339""><img src=""https://p0.meituan.net/movie/701aecb88d2b1343286b8b45ba282c8d205273.jpg"" tag=""幸福终点站,xfzdz,爱情,aq,,斯皮尔伯格,spebg,汤姆汉克斯,tmhks,凯瑟琳泽塔琼斯,kslztqs,推荐,tj,ztj1""></a>",
小萝莉的猴神大叔,https://maoyan.com/films/343136,https://p1.meituan.net/movie/8ad8ae59f6ec9bc52b8a6d1afdb139f31212043.jpg,xlldhsds,"喜剧,xj","印,y",,"推荐,tj,ztj1","<a href=""https://maoyan.com/films/343136""><img src=""https://p1.meituan.net/movie/8ad8ae59f6ec9bc52b8a6d1afdb139f31212043.jpg"" tag=""小萝莉的猴神大叔,xlldhsds,喜剧,xj,印,y,,推荐,tj,ztj1""></a>",
修女也疯狂1,https://maoyan.com/films/8346,https://p0.meituan.net/movie/2c31443d9f1a39f7c188c745f09418b11035114.jpg,xnyfk,"喜剧,xj",,,"推荐,tj,ztj1","<a href=""https://maoyan.com/films/8346""><img src=""https://p0.meituan.net/movie/2c31443d9f1a39f7c188c745f09418b11035114.jpg"" tag=""修女也疯狂1,xnyfk,喜剧,xj,,,推荐,tj,ztj1""></a>",
肖申克的救赎,https://maoyan.com/films/1297,https://p0.meituan.net/movie/8112a8345d7f1d807d026282f2371008602126.jpg,xskdjs,"犯罪,fz",,"摩根弗里曼,mgflm","推荐,tj,ztj1","<a href=""https://maoyan.com/films/1297""><img src=""https://p0.meituan.net/movie/8112a8345d7f1d807d026282f2371008602126.jpg"" tag=""肖申克的救赎,xskdjs,犯罪,fz,,摩根弗里曼,mgflm,推荐,tj,ztj1""></a>",
勇敢的心,https://maoyan.com/films/3294,https://p1.meituan.net/movie/958f5ca5151e46b20919fb61ffc0d4d2238108.jpg,ygdx,"历史,ls",,"梅尔吉布森,mejbs,苏菲玛索,sfms","推荐,tj,ztj1","<a href=""https://maoyan.com/films/3294""><img src=""https://p1.meituan.net/movie/958f5ca5151e46b20919fb61ffc0d4d2238108.jpg"" tag=""勇敢的心,ygdx,历史,ls,,梅尔吉布森,mejbs,苏菲玛索,sfms,推荐,tj,ztj1""></a>",
与狼共舞,https://maoyan.com/films/2577,https://p0.meituan.net/movie/f8db6d6017b31b880fdd6a3b30c318f6210826.jpg,ylgw,"历史,ls",,"凯文科斯特纳,kwkstn","推荐,tj,ztj1","<a href=""https://maoyan.com/films/2577""><img src=""https://p0.meituan.net/movie/f8db6d6017b31b880fdd6a3b30c318f6210826.jpg"" tag=""与狼共舞,ylgw,历史,ls,,凯文科斯特纳,kwkstn,推荐,tj,ztj1""></a>",
拯救大兵瑞恩,https://maoyan.com/films/733,https://p1.meituan.net/movie/a2a287c77415dc1f85b04d288f7d63ab1089754.jpg,zjdbre,"战争,zz",,"斯皮尔伯格,spebg,汤姆汉克斯,tmhks,马特达蒙,mtdm","推荐,tj,ztj1","<a href=""https://maoyan.com/films/733""><img src=""https://p1.meituan.net/movie/a2a287c77415dc1f85b04d288f7d63ab1089754.jpg"" tag=""拯救大兵瑞恩,zjdbre,,,斯皮尔伯格,spebg,汤姆汉克斯,tmhks,马特达蒙,mtdm,推荐,tj,ztj1""></a>",
爆裂鼓手,https://maoyan.com/films/246199,https://p1.meituan.net/movie/8b97a02054924087f28e9caf3fee00973458580.jpg,blgs,,,,"推荐,tj,ztj2","<a href=""https://maoyan.com/films/246199""><img src=""https://p1.meituan.net/movie/8b97a02054924087f28e9caf3fee00973458580.jpg"" tag=""爆裂鼓手,blgs,,,,推荐,tj,ztj2""></a>",
霸王别姬,https://maoyan.com/films/1203,https://p0.meituan.net/movie/61fea77024f83b3700603f6af93bf690585789.jpg,bwbj,,"中,z","陈凯歌,ckg,张国荣,zgr,张丰毅,zfy,巩俐,gl","推荐,tj,ztj2","<a href=""https://maoyan.com/films/1203""><img src=""https://p0.meituan.net/movie/61fea77024f83b3700603f6af93bf690585789.jpg"" tag=""霸王别姬,bwbj,,中,z,陈凯歌,ckg,张国荣,zgr,张丰毅,zfy,巩俐,gl,推荐,tj,ztj2""></a>",
百万美元宝贝,https://maoyan.com/films/13608,https://p0.meituan.net/movie/0de65bba4d3058eb6d68820d722f6aaf145855.jpg,bwmybb,,,"克林特伊斯特伍德,kltystwd,摩根弗里曼,mgflm","推荐,tj,ztj2","<a href=""https://maoyan.com/films/13608""><img src=""https://p0.meituan.net/movie/0de65bba4d3058eb6d68820d722f6aaf145855.jpg"" tag=""百万美元宝贝,bwmybb,,,克林特伊斯特伍德,kltystwd,摩根弗里曼,mgflm,推荐,tj,ztj2""></a>",
触不可及,https://maoyan.com/films/70976,https://p0.meituan.net/moviemachine/eb5e33480a3d3b0f813673a33eb556381148211.jpg,cbkj,,,,"推荐,tj,ztj2","<a href=""https://maoyan.com/films/70976""><img src=""https://p0.meituan.net/moviemachine/eb5e33480a3d3b0f813673a33eb556381148211.jpg"" tag=""触不可及,cbkj,,,,推荐,tj,ztj2""></a>",
沉默的羔羊1-4,https://maoyan.com/films/2385,https://p0.meituan.net/movie/65405f48cce489cac97a2506728633db215470.jpg,cmdgy,"犯罪,fz",,"朱迪福斯特,zdfst","推荐,tj,ztj2","<a href=""https://maoyan.com/films/2385""><img src=""https://p0.meituan.net/movie/65405f48cce489cac97a2506728633db215470.jpg"" tag=""沉默的羔羊1-4,cmdgy,犯罪,fz,,朱迪福斯特,zdfst,推荐,tj,ztj2""></a>",
穿普拉达的女魔头,https://maoyan.com/films/18109,https://p0.meituan.net/movie/4f7dfe702f7198df4408777c0d84a9cb272898.jpg,cplddnmt,,,"梅丽尔斯特里普,mlestlp,安妮海瑟薇,anhsw","推荐,tj,ztj2","<a href=""https://maoyan.com/films/18109""><img src=""https://p0.meituan.net/movie/4f7dfe702f7198df4408777c0d84a9cb272898.jpg"" tag=""穿普拉达的女魔头,cplddnmt,,,梅丽尔斯特里普,mlestlp,安妮海瑟薇,anhsw,推荐,tj,ztj2""></a>",
达芬奇密码123,https://maoyan.com/films/230165,https://p1.meituan.net/movie/04c429679850be1418e5b087a1475e6e428722.jpg,dfqmm,"悬疑,xy",,"汤姆汉克斯,tmhks","推荐,tj,ztj2","<a href=""https://maoyan.com/films/230165""><img src=""https://p1.meituan.net/movie/04c429679850be1418e5b087a1475e6e428722.jpg"" tag=""达芬奇密码123,dfqmm,悬疑,xy,,汤姆汉克斯,tmhks,推荐,tj,ztj2""></a>",
大河恋,https://maoyan.com/films/1631,https://p0.meituan.net/movie/fb0cbbfbe471deca3492b2dd92a797e2382414.jpg,dhl,,,"布拉德皮特,bldpt","推荐,tj,ztj2","<a href=""https://maoyan.com/films/1631""><img src=""https://p0.meituan.net/movie/fb0cbbfbe471deca3492b2dd92a797e2382414.jpg"" tag=""大河恋,dhl,,,布拉德皮特,bldpt,推荐,tj,ztj2""></a>",
谍影重重1-5,https://maoyan.com/films/10211,https://p0.meituan.net/movie/fbee92c483593a636462c3be2061c6a3445093.jpg,dycc,"悬疑,xy",,"马特达蒙,mtdm","推荐,tj,ztj2","<a href=""https://maoyan.com/films/10211""><img src=""https://p0.meituan.net/movie/fbee92c483593a636462c3be2061c6a3445093.jpg"" tag=""谍影重重1-5,dycc,悬疑,xy,,马特达蒙,mtdm,推荐,tj,ztj2""></a>",
大侦探福尔摩斯12,https://maoyan.com/films/37749,https://p1.meituan.net/movie/3f6015a52e2fd156c6cd00869af019a21203607.jpg,dztfems,"悬疑,xy",,"小罗伯特唐尼,xlbttn","推荐,tj,ztj2","<a href=""https://maoyan.com/films/37749""><img src=""https://p1.meituan.net/movie/3f6015a52e2fd156c6cd00869af019a21203607.jpg"" tag=""大侦探福尔摩斯12,dztfems,悬疑,xy,,小罗伯特唐尼,xlbttn,推荐,tj,ztj2""></a>",
返老还童,https://maoyan.com/films/18318,https://p0.meituan.net/movie/15983d78f1450ac2c73a7d4417536714337582.jpg,flht,"爱情,aq",,"布拉德皮特,bldpt,凯特布兰切特,ktblqt","推荐,tj,ztj2","<a href=""https://maoyan.com/films/18318""><img src=""https://p0.meituan.net/movie/15983d78f1450ac2c73a7d4417536714337582.jpg"" tag=""返老还童,flht,爱情,aq,,布拉德皮特,bldpt,凯特布兰切特,ktblqt,推荐,tj,ztj2""></a>",
钢铁侠123,https://maoyan.com/films/228866,https://p1.meituan.net/movie/403838b7ed24816a81958fc4fbbb4c1a266875.jpg,"科幻,kh,动作,dz",,marvel,"小罗伯特唐尼,xlbttn","推荐,tj,ztj2","<a href=""https://maoyan.com/films/228866""><img src=""https://p1.meituan.net/movie/403838b7ed24816a81958fc4fbbb4c1a266875.jpg"" tag=""钢铁侠123,科幻,kh,动作,dz,,marvel,小罗伯特唐尼,xlbttn,推荐,tj,ztj2""></a>",
鬼子来了,https://maoyan.com/films/1262,https://p0.meituan.net/movie/34f9202c5e823f490ffec4c69d5d0028137395.jpg,gzll,,"中,z","姜文,jw","推荐,tj,ztj2","<a href=""https://maoyan.com/films/1262""><img src=""https://p0.meituan.net/movie/34f9202c5e823f490ffec4c69d5d0028137395.jpg"" tag=""鬼子来了,gzll,,中,z,姜文,jw,推荐,tj,ztj2""></a>",
红河谷,https://maoyan.com/films/755,https://p0.meituan.net/movie/cb2cf318fafb77da8074f87a0066788166346.jpg,hhg,,"中,z","宁静,nj,邵兵,sb","推荐,tj,ztj2","<a href=""https://maoyan.com/films/755""><img src=""https://p0.meituan.net/movie/cb2cf318fafb77da8074f87a0066788166346.jpg"" tag=""红河谷,hhg,,中,z,宁静,nj,邵兵,sb,推荐,tj,ztj2""></a>",
黑客帝国123,https://maoyan.com/films/1249,https://p1.meituan.net/movie/ad974d3527879f00be2eec29135118163728582.jpg,hkdg,"科幻,kh,动作,dz",,"基努李维斯,jnlws","推荐,tj,ztj2","<a href=""https://maoyan.com/films/1249""><img src=""https://p1.meituan.net/movie/ad974d3527879f00be2eec29135118163728582.jpg"" tag=""黑客帝国123,hkdg,科幻,kh,动作,dz,,基努李维斯,jnlws,推荐,tj,ztj2""></a>",
绝命海拔,https://maoyan.com/films/246448,https://p1.meituan.net/movie/1d023ef8dd57aafb09c968a4e2c8f125918531.jpg,jmhb,"冒险,mx",,,"推荐,tj,ztj2","<a href=""https://maoyan.com/films/246448""><img src=""https://p1.meituan.net/movie/1d023ef8dd57aafb09c968a4e2c8f125918531.jpg"" tag=""绝命海拔,jmhb,冒险,mx,,,推荐,tj,ztj2""></a>",
惊涛大冒险,https://maoyan.com/films/232796,https://p1.meituan.net/movie/6034b5e3c3458f1d0cfb6cc9bbc5c8c31626571.jpg,jtdmx,"灾难,zn",,"凯文科斯特纳,kwkstn","推荐,tj,ztj2","<a href=""https://maoyan.com/films/232796""><img src=""https://p1.meituan.net/movie/6034b5e3c3458f1d0cfb6cc9bbc5c8c31626571.jpg"" tag=""惊涛大冒险,jtdmx,灾难,zn,,凯文科斯特纳,kwkstn,推荐,tj,ztj2""></a>",
绿皮书,https://maoyan.com/films/1206605,https://p1.meituan.net/movie/c9b280de01549fcb71913edec05880585769972.jpg,lps,"人物,rw",,,"推荐,tj,ztj2","<a href=""https://maoyan.com/films/1206605""><img src=""https://p1.meituan.net/movie/c9b280de01549fcb71913edec05880585769972.jpg"" tag=""绿皮书,lps,人物,rw,,,推荐,tj,ztj2""></a>",
怦然心动,https://maoyan.com/films/46818,https://p0.meituan.net/movie/15f1ac49b6d1ff7b71207672993ed6901536456.jpg,prxd,"爱情,aq",,,"推荐,tj,ztj2","<a href=""https://maoyan.com/films/46818""><img src=""https://p0.meituan.net/movie/15f1ac49b6d1ff7b71207672993ed6901536456.jpg"" tag=""怦然心动,prxd,爱情,aq,,,推荐,tj,ztj2""></a>",
如父如子,https://maoyan.com/films/78318,https://p0.meituan.net/movie/f02b7678985c5285f76125b2598c73d2491049.jpg,rfrz,"家庭,jt","日,r",,"推荐,tj,ztj2","<a href=""https://maoyan.com/films/78318""><img src=""https://p0.meituan.net/movie/f02b7678985c5285f76125b2598c73d2491049.jpg"" tag=""如父如子,rfrz,家庭,jt,日,r,,推荐,tj,ztj2""></a>",
入殓师,https://maoyan.com/films/30932,https://p0.meituan.net/movie/c0b5fc14ea2722272a012733adf369c93194059.jpg,rls,,"日,r",,"推荐,tj,ztj2","<a href=""https://maoyan.com/films/30932""><img src=""https://p0.meituan.net/movie/c0b5fc14ea2722272a012733adf369c93194059.jpg"" tag=""入殓师,rls,,日,r,,推荐,tj,ztj2""></a>",
燃情岁月,https://maoyan.com/films/4217,https://p1.meituan.net/movie/6b297865cc05792b0ee671d09dabf2a7119148.jpg,rqsy,"爱情,aq",,"布拉德皮特,bldpt","推荐,tj,ztj2","<a href=""https://maoyan.com/films/4217""><img src=""https://p1.meituan.net/movie/6b297865cc05792b0ee671d09dabf2a7119148.jpg"" tag=""燃情岁月,rqsy,爱情,aq,,布拉德皮特,bldpt,推荐,tj,ztj2""></a>",
让子弹飞,https://maoyan.com/films/182,https://p0.meituan.net/movie/3ae02de0ce5504f12cb798b9d4ad0f07371622.jpg,rzdf,"喜剧,xj","中,z","姜文,jw,葛优,gy,周润发,zrf,刘嘉玲,ljl","推荐,tj,ztj2","<a href=""https://maoyan.com/films/182""><img src=""https://p0.meituan.net/movie/3ae02de0ce5504f12cb798b9d4ad0f07371622.jpg"" tag=""让子弹飞,rzdf,喜剧,xj,中,z,姜文,jw,葛优,gy,周润发,zrf,刘嘉玲,ljl,推荐,tj,ztj2""></a>",
神秘拼图,https://maoyan.com/films/3281,https://p0.meituan.net/movie/43bc2889b210cc82a4d5b06a72ab7c2c739961.jpg,smpt,"犯罪,fz",,"丹泽尔华盛顿,dzehsd,安吉丽娜朱莉,ajlnzl","推荐,tj,ztj2","<a href=""https://maoyan.com/films/3281""><img src=""https://p0.meituan.net/movie/43bc2889b210cc82a4d5b06a72ab7c2c739961.jpg"" tag=""神秘拼图,smpt,犯罪,fz,,丹泽尔华盛顿,dzehsd,安吉丽娜朱莉,ajlnzl,推荐,tj,ztj2""></a>",
岁月神偷,https://maoyan.com/films/341,https://p0.meituan.net/movie/c084bdc12f81bc5e5ef2c853192fa96f628225.jpg,syst,"家庭,jt","港,g","任达华,rdh,吴君如,wjr","推荐,tj,ztj2","<a href=""https://maoyan.com/films/341""><img src=""https://p0.meituan.net/movie/c084bdc12f81bc5e5ef2c853192fa96f628225.jpg"" tag=""岁月神偷,syst,家庭,jt,港,g,任达华,rdh,吴君如,wjr,推荐,tj,ztj2""></a>",
桃姐,https://maoyan.com/films/91,https://p1.meituan.net/movie/a78cf401d02ec4666013395ee77b6e72384003.jpg,tj,"家庭,jt","港,g","刘德华,ldh,许鞍华,xah","推荐,tj,ztj2","<a href=""https://maoyan.com/films/91""><img src=""https://p1.meituan.net/movie/a78cf401d02ec4666013395ee77b6e72384003.jpg"" tag=""桃姐,tj,家庭,jt,港,g,刘德华,ldh,许鞍华,xah,推荐,tj,ztj2""></a>",
推手,https://maoyan.com/films/12112,https://p0.meituan.net/movie/1e946522b2d36e9911acfca6a2f2f09f64323.jpg,ts,"家庭,jt","台,t","李安,la,郎雄,lx","推荐,tj,ztj2","<a href=""https://maoyan.com/films/12112""><img src=""https://p0.meituan.net/movie/1e946522b2d36e9911acfca6a2f2f09f64323.jpg"" tag=""推手,ts,家庭,jt,台,t,李安,la,郎雄,lx,推荐,tj,ztj2""></a>",
泰坦尼克号,https://maoyan.com/films/267,https://p0.meituan.net/moviemachine/e7dd6b1f77fba08c1f20a3b20b156621642576.jpg,ttnkh,"爱情,aq",,"莱昂纳多,land,凯特温斯莱特,ktwslt","推荐,tj,ztj2","<a href=""https://maoyan.com/films/267""><img src=""https://p0.meituan.net/moviemachine/e7dd6b1f77fba08c1f20a3b20b156621642576.jpg"" tag=""泰坦尼克号,ttnkh,爱情,aq,,莱昂纳多,land,凯特温斯莱特,ktwslt,推荐,tj,ztj2""></a>",
无双,https://maoyan.com/films/342166,https://p0.meituan.net/moviemachine/e0ad3449ea4cb508c5444d4cb7d57b3c1263255.jpg,ws,"犯罪,fz","中,z","周润发,zrf,郭富城,gfc","推荐,tj,ztj2","<a href=""https://maoyan.com/films/342166""><img src=""https://p0.meituan.net/moviemachine/e0ad3449ea4cb508c5444d4cb7d57b3c1263255.jpg"" tag=""无双,ws,犯罪,fz,中,z,周润发,zrf,郭富城,gfc,推荐,tj,ztj2""></a>",
饮食男女,https://maoyan.com/films/1233,https://p1.meituan.net/movie/8d54378f5aa5891b27da166063fe5efe793583.jpg,ysnn,"家庭,jt","台,t","李安,la,郎雄,lx","推荐,tj,ztj2","<a href=""https://maoyan.com/films/1233""><img src=""https://p1.meituan.net/movie/8d54378f5aa5891b27da166063fe5efe793583.jpg"" tag=""饮食男女,ysnn,家庭,jt,台,t,李安,la,郎雄,lx,推荐,tj,ztj2""></a>",
遗愿清单,https://maoyan.com/films/341998,https://p1.meituan.net/movie/4c4eeb805ff9d47abd9c1940ce6d39c7283161.jpg,yyqd,,,"摩根弗里曼,mgflm","推荐,tj,ztj2","<a href=""https://maoyan.com/films/341998""><img src=""https://p1.meituan.net/movie/4c4eeb805ff9d47abd9c1940ce6d39c7283161.jpg"" tag=""遗愿清单,yyqd,,,摩根弗里曼,mgflm,推荐,tj,ztj2""></a>",
真爱至上,https://maoyan.com/films/1379,https://p1.meituan.net/movie/11d86a5c644840374c7860f98ef19183264645.jpg,zazs,"爱情,aq",,"休格兰特,xglt","推荐,tj,ztj2","<a href=""https://maoyan.com/films/1379""><img src=""https://p1.meituan.net/movie/11d86a5c644840374c7860f98ef19183264645.jpg"" tag=""真爱至上,zazs,爱情,aq,,休格兰特,xglt,推荐,tj,ztj2""></a>",
走出非洲,https://maoyan.com/films/1246,https://p0.meituan.net/movie/de081ecdc71d06e4e7f1af2303c886e4423578.jpg,zcfz,,,"梅丽尔斯特里普,mlestlp","推荐,tj,ztj2","<a href=""https://maoyan.com/films/1246""><img src=""https://p0.meituan.net/movie/de081ecdc71d06e4e7f1af2303c886e4423578.jpg"" tag=""走出非洲,zcfz,,,梅丽尔斯特里普,mlestlp,推荐,tj,ztj2""></a>",
指环王123,https://maoyan.com/films/1220,https://p0.meituan.net/moviemachine/c7faecae8e516492c3310b0c92e617061386707.png,zhw,"奇幻,qh",,,"推荐,tj,ztj2","<a href=""https://maoyan.com/films/1220""><img src=""https://p0.meituan.net/moviemachine/c7faecae8e516492c3310b0c92e617061386707.png"" tag=""指环王123,zhw,奇幻,qh,,,推荐,tj,ztj2""></a>",
007大破量子危机,https://maoyan.com/films/24681,https://p0.meituan.net/movie/56b38374e2dd71e1d5566ccfa127baa0837780.jpg,007dplzwj,"动作,dz",,,,"<a href=""https://maoyan.com/films/24681""><img src=""https://p0.meituan.net/movie/56b38374e2dd71e1d5566ccfa127baa0837780.jpg"" tag=""007大破量子危机,007dplzwj,动作,dz,,,""></a>",
007大破天幕杀机,https://maoyan.com/films/828,https://p0.meituan.net/movie/2cf34fffb8b2a420b4c8383b818f5ade445945.jpg,007dptmsj,"动作,dz",,,,"<a href=""https://maoyan.com/films/828""><img src=""https://p0.meituan.net/movie/2cf34fffb8b2a420b4c8383b818f5ade445945.jpg"" tag=""007大破天幕杀机,007dptmsj,动作,dz,,,""></a>",
12生肖,https://maoyan.com/films/893,https://p1.meituan.net/moviemachine/80480ff6eb5be5aa9f6f3bcfc68c313d1670997.jpg,12sx,"喜剧,xj","中,z","成龙,cl",zok,"<a href=""https://maoyan.com/films/893""><img src=""https://p1.meituan.net/moviemachine/80480ff6eb5be5aa9f6f3bcfc68c313d1670997.jpg"" tag=""12生肖,12sx,喜剧,xj,中,z,成龙,cl,zok""></a>",
7号房的礼物,https://maoyan.com/films/249294,https://p1.meituan.net/movie/72893ec4e242172c20b596ffa3adc31f398909.jpg,7hfdlw,,"韩,h",,,"<a href=""https://maoyan.com/films/249294""><img src=""https://p1.meituan.net/movie/72893ec4e242172c20b596ffa3adc31f398909.jpg"" tag=""7号房的礼物,7hfdlw,,韩,h,,""></a>",
阿波罗13号,https://maoyan.com/films/2596,https://p0.meituan.net/movie/241c7790f8c87c6e58c859d2f671684a533408.jpg,abl13h,,,"汤姆汉克斯,tmhks",,"<a href=""https://maoyan.com/films/2596""><img src=""https://p0.meituan.net/movie/241c7790f8c87c6e58c859d2f671684a533408.jpg"" tag=""阿波罗13号,abl13h,,,汤姆汉克斯,tmhks,""></a>",
阿德尔曼夫妇,https://maoyan.com/films/1201324,https://p1.meituan.net/movie/1ad46b1957517c95bcbd7e8f958a7f971116365.jpg,ademff,"爱情,aq",,,,"<a href=""https://maoyan.com/films/1201324""><img src=""https://p1.meituan.net/movie/1ad46b1957517c95bcbd7e8f958a7f971116365.jpg"" tag=""阿德尔曼夫妇,ademff,爱情,aq,,,""></a>",
澳大利亚,https://maoyan.com/films/238220,https://p0.meituan.net/movie/37de70a082cfc889e50284c37af1f887264074.jpg,adly,"历史,ls",,"休杰克曼,xjkm,妮可基德曼,nkjdm","推荐,tj","<a href=""https://maoyan.com/films/238220""><img src=""https://p0.meituan.net/movie/37de70a082cfc889e50284c37af1f887264074.jpg"" tag=""澳大利亚,adly,历史,ls,,休杰克曼,xjkm,妮可基德曼,nkjdm,推荐,tj""></a>",
阿凡达,https://maoyan.com/films/243,https://p1.meituan.net/moviemachine/f7086730608eb956c7c27e9eb3b5cc415439205.jpg,afd,"奇幻,qh",,"詹姆斯卡梅隆,zmskml","推荐,tj,zok","<a href=""https://maoyan.com/films/243""><img src=""https://p1.meituan.net/moviemachine/f7086730608eb956c7c27e9eb3b5cc415439205.jpg"" tag=""阿凡达,afd,奇幻,qh,,詹姆斯卡梅隆,zmskml,推荐,tj,zok""></a>",
阿甘正传,https://maoyan.com/films/1633,https://p0.meituan.net/movie/b41795c4a88479137e40ebdc3d7dc040238291.jpg,agzz,,,"汤姆汉克斯,tmhks","推荐,tj,zok","<a href=""https://maoyan.com/films/1633""><img src=""https://p0.meituan.net/movie/b41795c4a88479137e40ebdc3d7dc040238291.jpg"" tag=""阿甘正传,agzz,,,汤姆汉克斯,tmhks,推荐,tj,zok""></a>",
暗花,https://maoyan.com/films/1388,https://p1.meituan.net/movie/a7241b043ea5144dac081ae8d581fe88237714.jpg,ah,"犯罪,fz","港,g","杜琪峰,dqf,梁朝伟,lcw,刘青云,lqy",,"<a href=""https://maoyan.com/films/1388""><img src=""https://p1.meituan.net/movie/a7241b043ea5144dac081ae8d581fe88237714.jpg"" tag=""暗花,ah,犯罪,fz,港,g,杜琪峰,dqf,梁朝伟,lcw,刘青云,lqy,""></a>",
A计划,https://maoyan.com/films/5768,https://p1.meituan.net/movie/73aedf040a6b4d36e7f66d1c2aa70bcb356640.jpg,ajh,"动作,dz","港,g","成龙,cl,洪金宝,hjb",,"<a href=""https://maoyan.com/films/5768""><img src=""https://p1.meituan.net/movie/73aedf040a6b4d36e7f66d1c2aa70bcb356640.jpg"" tag=""A计划,ajh,动作,dz,港,g,成龙,cl,洪金宝,hjb,""></a>",
傲慢与偏见,https://maoyan.com/films/14583,https://p1.meituan.net/movie/b64a002dfcabcfbec61feb1c75b2417a828023.jpg,amypj,"爱情,aq",,,,"<a href=""https://maoyan.com/films/14583""><img src=""https://p1.meituan.net/movie/b64a002dfcabcfbec61feb1c75b2417a828023.jpg"" tag=""傲慢与偏见,amypj,爱情,aq,,,""></a>",
安娜,https://maoyan.com/films/1210978,https://p1.meituan.net/moviemachine/74489ea8168dc53e412fd4e19ac0a4871660346.png,an,"动作,dz",,"吕克贝松,lkbs",,"<a href=""https://maoyan.com/films/1210978""><img src=""https://p1.meituan.net/moviemachine/74489ea8168dc53e412fd4e19ac0a4871660346.png"" tag=""安娜,an,动作,dz,,吕克贝松,lkbs,""></a>",
暗色天堂,https://maoyan.com/films/248121,https://p1.meituan.net/movie/76bccc861559897daa2196a2678e136337043.jpg,astt,"爱情,aq","港,g","林嘉欣,ljx,张学友,zxy",,"<a href=""https://maoyan.com/films/248121""><img src=""https://p1.meituan.net/movie/76bccc861559897daa2196a2678e136337043.jpg"" tag=""暗色天堂,astt,爱情,aq,港,g,林嘉欣,ljx,张学友,zxy,""></a>",
暗战12,https://maoyan.com/films/6479,https://p1.meituan.net/movie/3e83c2f3d4c2bc3cde119602474769c169513.jpg,az,"犯罪,fz","港,g","杜琪峰,dqf,刘德华,ldh,刘青云,lqy","推荐,tj,zok","<a href=""https://maoyan.com/films/6479""><img src=""https://p1.meituan.net/movie/3e83c2f3d4c2bc3cde119602474769c169513.jpg"" tag=""暗战12,az,犯罪,fz,港,g,杜琪峰,dqf,刘德华,ldh,刘青云,lqy,推荐,tj,zok""></a>",
宝贝计划,https://maoyan.com/films/21911,https://p1.meituan.net/movie/f734fabf633e1df731a85edd4a4f01b4495334.jpg,bbjh,"喜剧,xj","港,g","成龙,cl,古天乐,gtl",,"<a href=""https://maoyan.com/films/21911""><img src=""https://p1.meituan.net/movie/f734fabf633e1df731a85edd4a4f01b4495334.jpg"" tag=""宝贝计划,bbjh,喜剧,xj,港,g,成龙,cl,古天乐,gtl,""></a>",
百变星君,https://maoyan.com/films/248578,https://p1.meituan.net/movie/877e52c962a20f249ff8a4cfbb8dcc49195147.jpg,bbxj,"喜剧,xj","港,g","周星驰,zxc,吴孟达,wmd,梁咏琪,lyq",,"<a href=""https://maoyan.com/films/248578""><img src=""https://p1.meituan.net/movie/877e52c962a20f249ff8a4cfbb8dcc49195147.jpg"" tag=""百变星君,bbxj,喜剧,xj,港,g,周星驰,zxc,吴孟达,wmd,梁咏琪,lyq,""></a>",
伯德小姐,https://maoyan.com/films/341952,https://p1.meituan.net/movie/4e6b1dbd85b7c724fc2ec5dfcfbc1c926855654.jpg,bdxj,"家庭,jt",,,,"<a href=""https://maoyan.com/films/341952""><img src=""https://p1.meituan.net/movie/4e6b1dbd85b7c724fc2ec5dfcfbc1c926855654.jpg"" tag=""伯德小姐,bdxj,家庭,jt,,,""></a>",
蝙蝠侠123,https://maoyan.com/films/780,https://p1.meituan.net/movie/d6a56bd64340e6fee409884446da0f12179020.jpg,bfx,"动作,dz",,marvel,,"<a href=""https://maoyan.com/films/780""><img src=""https://p1.meituan.net/movie/d6a56bd64340e6fee409884446da0f12179020.jpg"" tag=""蝙蝠侠123,bfx,动作,dz,,marvel,""></a>",
别告诉她,https://maoyan.com/films/1255359,https://p0.meituan.net/movie/016624a3033584603ca83e3ae95157592058232.jpg,bgst,"家庭,jt","中,z",,zok,"<a href=""https://maoyan.com/films/1255359""><img src=""https://p0.meituan.net/movie/016624a3033584603ca83e3ae95157592058232.jpg"" tag=""别告诉她,bgst,家庭,jt,中,z,,zok""></a>",
白宫陷落,https://maoyan.com/films/78459,https://image11.m1905.cn/uploadfile/2013/1213/thumb_1_283_390_20131213041517346872.jpg,"bgxl,奥林匹斯的陷落,alpsdxl","犯罪,fz",,"摩根弗里曼,mgflm",,"<a href=""https://maoyan.com/films/78459""><img src=""https://image11.m1905.cn/uploadfile/2013/1213/thumb_1_283_390_20131213041517346872.jpg"" tag=""白宫陷落,bgxl,奥林匹斯的陷落,alpsdxl,犯罪,fz,,摩根弗里曼,mgflm,""></a>",
白宫坠落,https://maoyan.com/films/78150,https://p0.meituan.net/moviemachine/13feadbad4073f1a1164d8b343950c0d545318.jpg,"bgzl,惊天危机,jtwj","犯罪,fz",,,,"<a href=""https://maoyan.com/films/78150""><img src=""https://p0.meituan.net/moviemachine/13feadbad4073f1a1164d8b343950c0d545318.jpg"" tag=""白宫坠落,bgzl,惊天危机,jtwj,犯罪,fz,,,""></a>",
碧海蓝天,https://maoyan.com/films/7944,https://p1.meituan.net/movie/ea4cea02932059aa6121e7e7dc7ec53d136257.jpg,bhlt,,,"让雷诺,rln",,"<a href=""https://maoyan.com/films/7944""><img src=""https://p1.meituan.net/movie/ea4cea02932059aa6121e7e7dc7ec53d136257.jpg"" tag=""碧海蓝天,bhlt,,,让雷诺,rln,""></a>",
辩护人,https://maoyan.com/films/246433,https://p1.meituan.net/movie/389058d95ea9e464d695cd1a8c7e285f440657.jpg,bhr,,"韩,h",,,"<a href=""https://maoyan.com/films/246433""><img src=""https://p1.meituan.net/movie/389058d95ea9e464d695cd1a8c7e285f440657.jpg"" tag=""辩护人,bhr,,韩,h,,""></a>",
壁花少年,https://maoyan.com/films/60757,https://p0.meituan.net/movie/9308b8ada99f4a17940d03641fbf41482913115.jpg,bhsn,"爱情,aq",,,,"<a href=""https://maoyan.com/films/60757""><img src=""https://p0.meituan.net/movie/9308b8ada99f4a17940d03641fbf41482913115.jpg"" tag=""壁花少年,bhsn,爱情,aq,,,""></a>",
被解救的姜戈,https://maoyan.com/films/78091,https://p0.meituan.net/movie/8e4a33b901e224b1ed6da8a06b2b5b18583707.jpg,bjjdjg,"西部,xb",,"莱昂纳多,land",,"<a href=""https://maoyan.com/films/78091""><img src=""https://p0.meituan.net/movie/8e4a33b901e224b1ed6da8a06b2b5b18583707.jpg"" tag=""被解救的姜戈,bjjdjg,西部,xb,,莱昂纳多,land,""></a>",
北京遇上西雅图,https://maoyan.com/films/78041,https://p0.meituan.net/movie/350480f9ef4e61c63243ef1683688e6e132768.jpg,bjysxyt,"爱情,aq","中,z","吴秀波,wxb,汤唯,tw,海清,hq",,"<a href=""https://maoyan.com/films/78041""><img src=""https://p0.meituan.net/movie/350480f9ef4e61c63243ef1683688e6e132768.jpg"" tag=""北京遇上西雅图,bjysxyt,爱情,aq,中,z,吴秀波,wxb,汤唯,tw,海清,hq,""></a>",
变焦,https://maoyan.com/films/837999,https://p0.meituan.net/movie/813db6a4413a4c5eed0809751d0d0500111304.jpg,bj,,,,,"<a href=""https://maoyan.com/films/837999""><img src=""https://p0.meituan.net/movie/813db6a4413a4c5eed0809751d0d0500111304.jpg"" tag=""变焦,bj,,,,""></a>",
布鲁克斯先生,https://maoyan.com/films/24808,https://p0.meituan.net/movie/8cb697d38821685cfc27a2e477f5aa1217556.jpg,blksxs,"犯罪,fz",,"凯文科斯特纳,kwkstn,黛米摩尔,dmme",,"<a href=""https://maoyan.com/films/24808""><img src=""https://p0.meituan.net/movie/8cb697d38821685cfc27a2e477f5aa1217556.jpg"" tag=""布鲁克斯先生,blksxs,犯罪,fz,,凯文科斯特纳,kwkstn,黛米摩尔,dmme,""></a>",
巴黎淘气帮,https://maoyan.com/films/805,https://p0.meituan.net/moviemachine/9a3cf90a157ad58c830ca48c14dbebb3700117.jpg,bltqb,"儿童,et",,,"推荐,tj,zok","<a href=""https://maoyan.com/films/805""><img src=""https://p0.meituan.net/moviemachine/9a3cf90a157ad58c830ca48c14dbebb3700117.jpg"" tag=""巴黎淘气帮,bltqb,儿童,et,,,推荐,tj,zok""></a>",
变脸,https://maoyan.com/films/1578,https://image11.m1905.cn/uploadfile/2014/1205/thumb_1_283_390_20141205021245732740.jpg,bl,"犯罪,fz",,"尼古拉斯凯奇,nglskq,约翰屈伏塔,yhqft",,"<a href=""https://maoyan.com/films/1578""><img src=""https://image11.m1905.cn/uploadfile/2014/1205/thumb_1_283_390_20141205021245732740.jpg"" tag=""变脸,bl,犯罪,fz,,尼古拉斯凯奇,nglskq,约翰屈伏塔,yhqft,""></a>",
伴你高飞,https://maoyan.com/films/1562,https://p0.meituan.net/movie/84cf23ba0fb5c30df3900ca31e358bf9638445.jpg,bngf,"儿童,et",,,,"<a href=""https://maoyan.com/films/1562""><img src=""https://p0.meituan.net/movie/84cf23ba0fb5c30df3900ca31e358bf9638445.jpg"" tag=""伴你高飞,bngf,儿童,et,,,""></a>",
不能说的秘密,https://maoyan.com/films/12,https://p1.meituan.net/movie/316cb34e3804dac4d09189f3ffe52801345141.jpg,bnsdmm,"爱情,aq","台,t","周杰伦,zjl,桂纶镁,glm",,"<a href=""https://maoyan.com/films/12""><img src=""https://p1.meituan.net/movie/316cb34e3804dac4d09189f3ffe52801345141.jpg"" tag=""不能说的秘密,bnsdmm,爱情,aq,台,t,周杰伦,zjl,桂纶镁,glm,""></a>",
不死劫,https://maoyan.com/films/8524,https://p0.meituan.net/movie/f3343a7b8f9d7a5d6a92673047d4a950840888.jpg,bsj,"犯罪,fz",,"布鲁斯威利斯,blswls",,"<a href=""https://maoyan.com/films/8524""><img src=""https://p0.meituan.net/movie/f3343a7b8f9d7a5d6a92673047d4a950840888.jpg"" tag=""不死劫,bsj,犯罪,fz,,布鲁斯威利斯,blswls,""></a>",
棒少年,https://maoyan.com/films/1303287,https://p0.meituan.net/movie/2073d3a3fb0001e67a5e7f0da7bd85ef3698198.jpg,bsn,"记录,jl","中,z",,zok,"<a href=""https://maoyan.com/films/1303287""><img src=""https://p0.meituan.net/movie/2073d3a3fb0001e67a5e7f0da7bd85ef3698198.jpg"" tag=""棒少年,bsn,记录,jl,中,z,,zok""></a>",
白蛇缘起,https://maoyan.com/films/1235560,https://p0.meituan.net/movie/a48ac62bd6f10b9bf94aebc2f19d24021727296.jpg,bsyq,"爱情,aq,动画,dh","中,z",,,"<a href=""https://maoyan.com/films/1235560""><img src=""https://p0.meituan.net/movie/a48ac62bd6f10b9bf94aebc2f19d24021727296.jpg"" tag=""白蛇缘起,bsyq,爱情,aq,动画,dh,中,z,,""></a>",
奔腾年代,https://maoyan.com/films/12495,https://p0.meituan.net/movie/4705116be46a6aedcc989bb1bfc4e4e5723145.jpg,btnd,"运动,yd",,,ztj1,"<a href=""https://maoyan.com/films/12495""><img src=""https://p0.meituan.net/movie/4705116be46a6aedcc989bb1bfc4e4e5723145.jpg"" tag=""奔腾年代,btnd,运动,yd,,,ztj1""></a>",
博物馆奇妙夜123,https://maoyan.com/films/21442,https://p1.meituan.net/movie/e07aef76455b7fb257040a506a92e8ea587614.jpg,bwgqmy,"奇幻,qh",,,zok,"<a href=""https://maoyan.com/films/21442""><img src=""https://p1.meituan.net/movie/e07aef76455b7fb257040a506a92e8ea587614.jpg"" tag=""博物馆奇妙夜123,bwgqmy,奇幻,qh,,,zok""></a>",
变相怪杰,https://maoyan.com/films/5523,https://p1.meituan.net/movie/ba2c922306eb7be593339285c9f31d3a88011.jpg,bxgj,"喜剧,xj",,"金凯利,jkl",,"<a href=""https://maoyan.com/films/5523""><img src=""https://p1.meituan.net/movie/ba2c922306eb7be593339285c9f31d3a88011.jpg"" tag=""变相怪杰,bxgj,喜剧,xj,,金凯利,jkl,""></a>",
白银帝国,https://maoyan.com/films/48548,https://p1.meituan.net/movie/187f4ed3e6077043ff02c5ef5bc514103094761.jpg,bydg,"历史,ls","中,z","郭富城,gfc,郝蕾,hl,张铁林,ztl",,"<a href=""https://maoyan.com/films/48548""><img src=""https://p1.meituan.net/movie/187f4ed3e6077043ff02c5ef5bc514103094761.jpg"" tag=""白银帝国,bydg,历史,ls,中,z,郭富城,gfc,郝蕾,hl,张铁林,ztl,""></a>",
拆弹专家2,https://maoyan.com/films/1218142,https://p1.meituan.net/movie/63696901c00a1aea8fcc62ba873bb6d41014216.jpg,cdzj,"犯罪,fz","中,z","刘德华,ldh,刘青云,lqy",zok,"<a href=""https://maoyan.com/films/1218142""><img src=""https://p1.meituan.net/movie/63696901c00a1aea8fcc62ba873bb6d41014216.jpg"" tag=""拆弹专家2,cdzj,犯罪,fz,中,z,刘德华,ldh,刘青云,lqy,zok""></a>",
长江7号,https://maoyan.com/films/25422,https://p0.meituan.net/movie/514ee7954c169452042b2e3e6b5cdc28517940.jpg,cj7h,"奇幻,qh","中,z","周星驰,zxc",,"<a href=""https://maoyan.com/films/25422""><img src=""https://p0.meituan.net/movie/514ee7954c169452042b2e3e6b5cdc28517940.jpg"" tag=""长江7号,cj7h,奇幻,qh,中,z,周星驰,zxc,""></a>",
雏菊,https://maoyan.com/films/239534,https://p0.meituan.net/movie/e2d16b1239027da7f7867294ea95faad344277.jpg,cj,,"韩,h","全智贤,qzx",,"<a href=""https://maoyan.com/films/239534""><img src=""https://p0.meituan.net/movie/e2d16b1239027da7f7867294ea95faad344277.jpg"" tag=""雏菊,cj,,韩,h,全智贤,qzx,""></a>",
超级战舰,https://maoyan.com/films/250,https://p1.meituan.net/movie/16e57fe291b203baf287958a1b7566c7374357.jpg,cjzj,"科幻,kh",,,ztj1,"<a href=""https://maoyan.com/films/250""><img src=""https://p1.meituan.net/movie/16e57fe291b203baf287958a1b7566c7374357.jpg"" tag=""超级战舰,cjzj,科幻,kh,,,ztj1""></a>",
丛林法则,https://maoyan.com/films/671218,https://p1.meituan.net/movie/eaa13f851018ed3a019c5cf763fd6983310123.jpg,clfz,"喜剧,xj",,,,"<a href=""https://maoyan.com/films/671218""><img src=""https://p1.meituan.net/movie/eaa13f851018ed3a019c5cf763fd6983310123.jpg"" tag=""丛林法则,clfz,喜剧,xj,,,""></a>",
初恋红豆冰,https://maoyan.com/films/693,https://p1.meituan.net/movie/859191444eb13f61e6f6fc4b33daa785327779.jpg,clhdb,"爱情,aq","马来,ml","李心洁,lxj",,"<a href=""https://maoyan.com/films/693""><img src=""https://p1.meituan.net/movie/859191444eb13f61e6f6fc4b33daa785327779.jpg"" tag=""初恋红豆冰,clhdb,爱情,aq,马来,ml,李心洁,lxj,""></a>",
催眠大师,https://maoyan.com/films/78672,https://p1.meituan.net/movie/abc5def22ad52058cd4664ea8f16ff641701721.jpg,cmds,"悬疑,xy","中,z","徐峥,xz,莫文蔚,mww",,"<a href=""https://maoyan.com/films/78672""><img src=""https://p1.meituan.net/movie/abc5def22ad52058cd4664ea8f16ff641701721.jpg"" tag=""催眠大师,cmds,悬疑,xy,中,z,徐峥,xz,莫文蔚,mww,""></a>",
沉默生机,https://maoyan.com/films/10723,https://p1.meituan.net/movie/25983c928f3cff6fefbcf03f032aacf2945903.jpg,cmsj,"犯罪,fz",,"迈克尔道格拉斯,mkedgls",,"<a href=""https://maoyan.com/films/10723""><img src=""https://p1.meituan.net/movie/25983c928f3cff6fefbcf03f032aacf2945903.jpg"" tag=""沉默生机,cmsj,犯罪,fz,,迈克尔道格拉斯,mkedgls,""></a>",
超脑48小时,https://maoyan.com/films/257720,https://p1.meituan.net/movie/aa2f93fd765b2761fba74456f6d37ce7333915.jpg,cn48xs,"悬疑,xy",,,,"<a href=""https://maoyan.com/films/257720""><img src=""https://p1.meituan.net/movie/aa2f93fd765b2761fba74456f6d37ce7333915.jpg"" tag=""超脑48小时,cn48xs,悬疑,xy,,,""></a>",
传染病,https://maoyan.com/films/58560,https://p1.meituan.net/movie/22624bc1fd68496e2b39ee72ed6b25d91767043.jpg,crb,"灾难,zn",,"马特达蒙,mtdm,凯特温斯莱特,ktwslt",zok,"<a href=""https://maoyan.com/films/58560""><img src=""https://p1.meituan.net/movie/22624bc1fd68496e2b39ee72ed6b25d91767043.jpg"" tag=""传染病,crb,灾难,zn,,马特达蒙,mtdm,凯特温斯莱特,ktwslt,zok""></a>",
城市猎人,https://maoyan.com/films/1243732,https://p0.meituan.net/movie/80b9ec1d4bc6bb7e727a252d9e4e54432714531.jpg,cslr,"喜剧,xj",,,,"<a href=""https://maoyan.com/films/1243732""><img src=""https://p0.meituan.net/movie/80b9ec1d4bc6bb7e727a252d9e4e54432714531.jpg"" tag=""城市猎人,cslr,喜剧,xj,,,""></a>",
成事在人,https://maoyan.com/films/30402,https://p0.meituan.net/movie/e090ca01e1fb32ed2454d50f40bd27cb340176.jpg,cszr,"运动,yd",,"马特达蒙,mtdm,摩根弗里曼,mgflm",,"<a href=""https://maoyan.com/films/30402""><img src=""https://p0.meituan.net/movie/e090ca01e1fb32ed2454d50f40bd27cb340176.jpg"" tag=""成事在人,cszr,运动,yd,,马特达蒙,mtdm,摩根弗里曼,mgflm,""></a>",
超体,https://maoyan.com/films/78911,https://image11.m1905.cn/uploadfile/2014/0917/thumb_1_283_390_20140917020644755284.jpg,ct,"科幻,kh",,"吕克贝松,lkbs,约翰逊斯嘉丽,yhxsjl,摩根弗里曼,mgflm",zok,"<a href=""https://maoyan.com/films/78911""><img src=""https://image11.m1905.cn/uploadfile/2014/0917/thumb_1_283_390_20140917020644755284.jpg"" tag=""超体,ct,科幻,kh,,吕克贝松,lkbs,约翰逊斯嘉丽,yhxsjl,摩根弗里曼,mgflm,zok""></a>",
成为简奥斯汀,https://maoyan.com/films/23846,https://p0.meituan.net/movie/a512c913c99ffee55d7149608db7a967992175.jpg,cwjast,"爱情,aq",,"安妮海瑟薇,anhsw",,"<a href=""https://maoyan.com/films/23846""><img src=""https://p0.meituan.net/movie/a512c913c99ffee55d7149608db7a967992175.jpg"" tag=""成为简奥斯汀,cwjast,爱情,aq,,安妮海瑟薇,anhsw,""></a>",
超验骇客,https://maoyan.com/films/78541,https://p0.meituan.net/movie/55843588edb6849590a2521bc7327705314274.jpg,cyhk,"科幻,kh",,,,"<a href=""https://maoyan.com/films/78541""><img src=""https://p0.meituan.net/movie/55843588edb6849590a2521bc7327705314274.jpg"" tag=""超验骇客,cyhk,科幻,kh,,,""></a>",
创战纪,https://maoyan.com/films/407,https://p0.meituan.net/movie/8ebba92a588b5093b52dcdfbc0cb8ec82039658.jpg,czj,"科幻,kh",,,,"<a href=""https://maoyan.com/films/407""><img src=""https://p0.meituan.net/movie/8ebba92a588b5093b52dcdfbc0cb8ec82039658.jpg"" tag=""创战纪,czj,科幻,kh,,,""></a>",
初恋50次,https://maoyan.com/films/13752,https://p1.meituan.net/movie/1d1b811fca83214a0b589d96f10173b6630299.jpg,cl50c,"爱情,aq,喜剧,xj",,"亚当桑德勒,ydsdl",,"<a href=""https://maoyan.com/films/13752""><img src=""https://p1.meituan.net/movie/1d1b811fca83214a0b589d96f10173b6630299.jpg"" tag=""初恋50次,cl50c,爱情,aq,喜剧,xj,,亚当桑德勒,ydsdl,""></a>",
夺宝奇兵1-4,https://maoyan.com/films/1334876,https://p0.meituan.net/movie/632ccf2ad464152dd0c91892e650e6fb11737.jpg,dbqb,"动作,dz",,"斯皮尔伯格,spebg,哈里森福特,hlsft",,"<a href=""https://maoyan.com/films/1334876""><img src=""https://p0.meituan.net/movie/632ccf2ad464152dd0c91892e650e6fb11737.jpg"" tag=""夺宝奇兵1-4,dbqb,动作,dz,,斯皮尔伯格,spebg,哈里森福特,hlsft,""></a>",
大地惊雷,https://maoyan.com/films/50272,https://image11.m1905.cn/uploadfile/2013/0422/thumb_1_283_390_20130422090619608.jpg,ddjl,"西部,xb",,"马特达蒙,mtdm",,"<a href=""https://maoyan.com/films/50272""><img src=""https://image11.m1905.cn/uploadfile/2013/0422/thumb_1_283_390_20130422090619608.jpg"" tag=""大地惊雷,ddjl,西部,xb,,马特达蒙,mtdm,""></a>",
多哥,https://maoyan.com/films/1229062,https://p0.meituan.net/moviemachine/ac08fc8e7a6a93415df5d9fd40cd0094100191.jpg,dg,"动物,dw",,,"推荐,tj,zok","<a href=""https://maoyan.com/films/1229062""><img src=""https://p0.meituan.net/moviemachine/ac08fc8e7a6a93415df5d9fd40cd0094100191.jpg"" tag=""多哥,dg,动物,dw,,,推荐,tj,zok""></a>",
谍海计中计,https://maoyan.com/films/7449,https://p0.meituan.net/movie/68a4229a72daa6a702f1e8c3edf196b0485485.jpg,dhjzj,"动作,dz",,,,"<a href=""https://maoyan.com/films/7449""><img src=""https://p0.meituan.net/movie/68a4229a72daa6a702f1e8c3edf196b0485485.jpg"" tag=""谍海计中计,dhjzj,动作,dz,,,""></a>",
大话西游12,https://maoyan.com/films/6823,https://p0.meituan.net/movie/80cd5d6a3fe914d7e47ba128e21cfcc1212089.jpg,dhxy,"爱情,aq","港,g","周星驰,zxc,吴孟达,wmd,莫文蔚,mww",,"<a href=""https://maoyan.com/films/6823""><img src=""https://p0.meituan.net/movie/80cd5d6a3fe914d7e47ba128e21cfcc1212089.jpg"" tag=""大话西游12,dhxy,爱情,aq,港,g,周星驰,zxc,吴孟达,wmd,莫文蔚,mww,""></a>",
盗火线,https://maoyan.com/films/4087,https://p0.meituan.net/movie/0f017ce40c1cf15e66196e7689f0aea3621748.jpg,dhx,"犯罪,fz",,"阿尔帕西诺,aepxn,罗伯特德尼罗,lbtdnl",,"<a href=""https://maoyan.com/films/4087""><img src=""https://p0.meituan.net/movie/0f017ce40c1cf15e66196e7689f0aea3621748.jpg"" tag=""盗火线,dhx,犯罪,fz,,阿尔帕西诺,aepxn,罗伯特德尼罗,lbtdnl,""></a>",
大空头,https://maoyan.com/films/247012,https://p1.meituan.net/movie/43b664d8281f7015ad105171042c227c123426.jpg,dkt,"金融,jr",,"布拉德皮特,bldpt",,"<a href=""https://maoyan.com/films/247012""><img src=""https://p1.meituan.net/movie/43b664d8281f7015ad105171042c227c123426.jpg"" tag=""大空头,dkt,金融,jr,,布拉德皮特,bldpt,""></a>",
夺命金,https://maoyan.com/films/68,https://p1.meituan.net/movie/50bcb8eb65670ec272a9a13e1a9fb6fd185535.jpg,dmj,"犯罪,fz","港,g","杜琪峰,dqf,刘青云,lqy,任贤齐,rxq",,"<a href=""https://maoyan.com/films/68""><img src=""https://p1.meituan.net/movie/50bcb8eb65670ec272a9a13e1a9fb6fd185535.jpg"" tag=""夺命金,dmj,犯罪,fz,港,g,杜琪峰,dqf,刘青云,lqy,任贤齐,rxq,""></a>",
夺命手术,https://maoyan.com/films/18926,https://p1.meituan.net/movie/91b556bca10567c9251241028f3ac73850642.jpg,dmss,"犯罪,fz",,,,"<a href=""https://maoyan.com/films/18926""><img src=""https://p1.meituan.net/movie/91b556bca10567c9251241028f3ac73850642.jpg"" tag=""夺命手术,dmss,犯罪,fz,,,""></a>",
盗梦特工队,https://maoyan.com/films/1268562,https://p0.meituan.net/movie/b84894d84d76128162f047e505183a9f2034243.jpg,dmtgd,"动画,dh",,,,"<a href=""https://maoyan.com/films/1268562""><img src=""https://p0.meituan.net/movie/b84894d84d76128162f047e505183a9f2034243.jpg"" tag=""盗梦特工队,dmtgd,动画,dh,,,""></a>",
毒液,https://maoyan.com/films/42964,https://p0.meituan.net/movie/363e3a7e614d29b2847ff4e62afcd3f42168651.jpg@464w_644h_1e_1c,dy,"动作,dz",,marvel,,"<a href=""https://maoyan.com/films/42964""><img src=""https://p0.meituan.net/movie/363e3a7e614d29b2847ff4e62afcd3f42168651.jpg@464w_644h_1e_1c"" tag=""毒液,dy,动作,dz,,marvel,""></a>",
大内密探零零发,https://maoyan.com/films/248577,https://p0.meituan.net/movie/23a2bb104e28db95fb9052cadd770678121403.jpg,dnmtllf,"喜剧,xj","港,g","周星驰,zxc,刘嘉玲,ljl,李若彤,lrt",,"<a href=""https://maoyan.com/films/248577""><img src=""https://p0.meituan.net/movie/23a2bb104e28db95fb9052cadd770678121403.jpg"" tag=""大内密探零零发,dnmtllf,喜剧,xj,港,g,周星驰,zxc,刘嘉玲,ljl,李若彤,lrt,""></a>",
点球成金,https://maoyan.com/films/38805,https://p0.meituan.net/movie/231c8ea9678b88016d9782d33df6f5b1254452.jpg,dqcj,"运动,yd",,"布拉德皮特,bldpt",,"<a href=""https://maoyan.com/films/38805""><img src=""https://p0.meituan.net/movie/231c8ea9678b88016d9782d33df6f5b1254452.jpg"" tag=""点球成金,dqcj,运动,yd,,布拉德皮特,bldpt,""></a>",
地球上的星星,https://maoyan.com/films/35949,https://p1.meituan.net/movie/9081e99dc9931976a4fc3bded84e3064286019.jpg,dqsdxx,,"印,y","阿米尔汗,ameh",zok,"<a href=""https://maoyan.com/films/35949""><img src=""https://p1.meituan.net/movie/9081e99dc9931976a4fc3bded84e3064286019.jpg"" tag=""地球上的星星,dqsdxx,,印,y,阿米尔汗,ameh,zok""></a>",
堕入地狱,https://maoyan.com/films/35896,https://p0.meituan.net/movie/4df55610785aec20d4c319f3304b709f409352.jpg,drdy,,,,,"<a href=""https://maoyan.com/films/35896""><img src=""https://p0.meituan.net/movie/4df55610785aec20d4c319f3304b709f409352.jpg"" tag=""堕入地狱,drdy,,,,""></a>",
的士飚花,https://maoyan.com/films/13676,https://p0.meituan.net/movie/790e61934ef7b82d3d5a905b6de6099079722.jpg,dsbh,"喜剧,xj",,,,"<a href=""https://maoyan.com/films/13676""><img src=""https://p0.meituan.net/movie/790e61934ef7b82d3d5a905b6de6099079722.jpg"" tag=""的士飚花,dsbh,喜剧,xj,,,""></a>",
大上海,https://maoyan.com/films/1031,https://p0.meituan.net/movie/7db98cc5d6a43fd72b0d167179404ed2571707.jpg,dsh,,"中,z","周润发,zrf,洪金宝,hjb,吴镇宇,wzy",,"<a href=""https://maoyan.com/films/1031""><img src=""https://p0.meituan.net/movie/7db98cc5d6a43fd72b0d167179404ed2571707.jpg"" tag=""大上海,dsh,,中,z,周润发,zrf,洪金宝,hjb,吴镇宇,wzy,""></a>",
大事件,https://maoyan.com/films/13474,https://p1.meituan.net/movie/0fa34286c15d6b787c18944f835ab4f8426691.jpg,dsj,"犯罪,fz","港,g","杜琪峰,dqf,任贤齐,rxq,陈慧琳,chl,张家辉,zjh",,"<a href=""https://maoyan.com/films/13474""><img src=""https://p1.meituan.net/movie/0fa34286c15d6b787c18944f835ab4f8426691.jpg"" tag=""大事件,dsj,犯罪,fz,港,g,杜琪峰,dqf,任贤齐,rxq,陈慧琳,chl,张家辉,zjh,""></a>",
的士速递1-4,https://maoyan.com/films/2992,https://p0.meituan.net/movie/4b2828ad65192ebdcb0c5f90dbf02d7a1159598.jpg,dssd,"喜剧,xj",,,,"<a href=""https://maoyan.com/films/2992""><img src=""https://p0.meituan.net/movie/4b2828ad65192ebdcb0c5f90dbf02d7a1159598.jpg"" tag=""的士速递1-4,dssd,喜剧,xj,,,""></a>",
低俗小说,https://maoyan.com/films/1239,https://p0.meituan.net/movie/621a8ea3736dfd97ca9cc05698d9bb71330853.jpg,dsxs,"犯罪,fz",,"约翰屈伏塔,yhqft,布鲁斯威利斯,blswls",,"<a href=""https://maoyan.com/films/1239""><img src=""https://p0.meituan.net/movie/621a8ea3736dfd97ca9cc05698d9bb71330853.jpg"" tag=""低俗小说,dsxs,犯罪,fz,,约翰屈伏塔,yhqft,布鲁斯威利斯,blswls,""></a>",
赌神,https://maoyan.com/films/7874,https://p0.meituan.net/movie/4056951d2bae350ae61fad81a3692206389741.jpg,ds,,"港,g","周润发,zrf,刘德华,ldh,王祖贤,wzx",,"<a href=""https://maoyan.com/films/7874""><img src=""https://p0.meituan.net/movie/4056951d2bae350ae61fad81a3692206389741.jpg"" tag=""赌神,ds,,港,g,周润发,zrf,刘德华,ldh,王祖贤,wzx,""></a>",
地铁惊魂,https://maoyan.com/films/37032,https://p0.meituan.net/movie/d422cddf1eb9653a3df1dda52107851c546029.jpg,dtjh,"犯罪,fz",,"丹泽尔华盛顿,dzehsd,约翰屈伏塔,yhqft",,"<a href=""https://maoyan.com/films/37032""><img src=""https://p0.meituan.net/movie/d422cddf1eb9653a3df1dda52107851c546029.jpg"" tag=""地铁惊魂,dtjh,犯罪,fz,,丹泽尔华盛顿,dzehsd,约翰屈伏塔,yhqft,""></a>",
登堂入室,https://maoyan.com/films/70292,https://p0.meituan.net/movie/7822dbcab1d76b396f36dbe9a24d074c402729.jpg,dtrs,,,,,"<a href=""https://maoyan.com/films/70292""><img src=""https://p0.meituan.net/movie/7822dbcab1d76b396f36dbe9a24d074c402729.jpg"" tag=""登堂入室,dtrs,,,,""></a>",
大卫戈尔的一生,https://maoyan.com/films/11260,https://p0.meituan.net/movie/46485e9c10139bf1579fcdb0854e2516360652.jpg,dwgedys,"犯罪,fz",,"凯特温斯莱特,ktwslt,凯文史派西,kwspx",,"<a href=""https://maoyan.com/films/11260""><img src=""https://p0.meituan.net/movie/46485e9c10139bf1579fcdb0854e2516360652.jpg"" tag=""大卫戈尔的一生,dwgedys,犯罪,fz,,凯特温斯莱特,ktwslt,凯文史派西,kwspx,""></a>",
动物世界,https://maoyan.com/films/1198178,https://p1.meituan.net/movie/21bfea7c3ee823a2f4725b9d81b4ef5c1322685.jpg,dwsj,,"中,z","李易峰,lyf,周冬雨,zdy",,"<a href=""https://maoyan.com/films/1198178""><img src=""https://p1.meituan.net/movie/21bfea7c3ee823a2f4725b9d81b4ef5c1322685.jpg"" tag=""动物世界,dwsj,,中,z,李易峰,lyf,周冬雨,zdy,""></a>",
赌侠,https://maoyan.com/films/7642,https://p1.meituan.net/movie/9daee60446d0ac39033870c99765a62c260959.jpg,dx,,"港,g","周星驰,zxc,刘德华,ldh,吴孟达,wmd,陈法蓉,cfr",,"<a href=""https://maoyan.com/films/7642""><img src=""https://p1.meituan.net/movie/9daee60446d0ac39033870c99765a62c260959.jpg"" tag=""赌侠,dx,,港,g,周星驰,zxc,刘德华,ldh,吴孟达,wmd,陈法蓉,cfr,""></a>",
断线,https://maoyan.com/films/342789,https://p1.meituan.net/movie/001790348ca0be4ee7b7102964b2b301784149.jpg,dx,,,,,"<a href=""https://maoyan.com/films/342789""><img src=""https://p1.meituan.net/movie/001790348ca0be4ee7b7102964b2b301784149.jpg"" tag=""断线,dx,,,,""></a>",
当幸福来敲门,https://maoyan.com/films/899,https://p0.meituan.net/moviemachine/e5daa8748733820faab91102bd0bc4507730353.jpg,dxflqm,"家庭,jt",,"威尔史密斯,wesms","推荐,tj,zok","<a href=""https://maoyan.com/films/899""><img src=""https://p0.meituan.net/moviemachine/e5daa8748733820faab91102bd0bc4507730353.jpg"" tag=""当幸福来敲门,dxflqm,家庭,jt,,威尔史密斯,wesms,推荐,tj,zok""></a>",
地心历险记12,https://maoyan.com/films/150,https://p0.meituan.net/movie/1506c4e1f1511ee9021e8fc1d4d499ee471074.jpg,dxlxj,"奇幻,qh",,,zok,"<a href=""https://maoyan.com/films/150""><img src=""https://p0.meituan.net/movie/1506c4e1f1511ee9021e8fc1d4d499ee471074.jpg"" tag=""地心历险记12,dxlxj,奇幻,qh,,,zok""></a>",
地心末日,https://maoyan.com/films/7310,https://p0.meituan.net/movie/73fdcde8941b8621403040c8db5397ef192939.jpg,dxmr,"科幻,kh",,,zok,"<a href=""https://maoyan.com/films/7310""><img src=""https://p0.meituan.net/movie/73fdcde8941b8621403040c8db5397ef192939.jpg"" tag=""地心末日,dxmr,科幻,kh,,,zok""></a>",
东邪西毒,https://maoyan.com/films/1355,https://p0.meituan.net/movie/1238345609fa0a2ee041d568098a5e0d368213.jpg,dxxd,"武侠,wx,爱情,aq","港,g","王家卫,wjw,梁朝伟,lcw,刘嘉玲,ljl,梁家辉,ljh",,"<a href=""https://maoyan.com/films/1355""><img src=""https://p0.meituan.net/movie/1238345609fa0a2ee041d568098a5e0d368213.jpg"" tag=""东邪西毒,dxxd,武侠,wx,爱情,aq,港,g,王家卫,wjw,梁朝伟,lcw,刘嘉玲,ljl,梁家辉,ljh,""></a>",
独自等待,https://maoyan.com/films/221384,https://p0.meituan.net/movie/d2816730b626b35be75c3de86831fbf1360673.jpg,dzdd,"爱情,aq","中,z","夏雨,xy,李冰冰,lbb",,"<a href=""https://maoyan.com/films/221384""><img src=""https://p0.meituan.net/movie/d2816730b626b35be75c3de86831fbf1360673.jpg"" tag=""独自等待,dzdd,爱情,aq,中,z,夏雨,xy,李冰冰,lbb,""></a>",
碟中谍1-6,https://maoyan.com/films/1420,https://p0.meituan.net/movie/ffb81b1923face4585bf3be4094cd063298992.jpg,dzd,"动作,dz",,"汤姆克鲁斯,tmkls",zok,"<a href=""https://maoyan.com/films/1420""><img src=""https://p0.meituan.net/movie/ffb81b1923face4585bf3be4094cd063298992.jpg"" tag=""碟中谍1-6,dzd,动作,dz,,汤姆克鲁斯,tmkls,zok""></a>",
20世纪女人,https://maoyan.com/films/532137,https://p1.meituan.net/movie/17352848e8a8caa025974184988338a32405931.jpg,20sjnr,,,,,"<a href=""https://maoyan.com/films/532137""><img src=""https://p1.meituan.net/movie/17352848e8a8caa025974184988338a32405931.jpg"" tag=""20世纪女人,20sjnr,,,,""></a>",
ET外星人,https://maoyan.com/films/3293,https://p0.meituan.net/movie/7de316c6eb367893eee50e4dbd15f9a8171346.jpg,etwxr,,,"斯皮尔伯格,spebg",,"<a href=""https://maoyan.com/films/3293""><img src=""https://p0.meituan.net/movie/7de316c6eb367893eee50e4dbd15f9a8171346.jpg"" tag=""ET外星人,etwxr,,,斯皮尔伯格,spebg,""></a>",
飞驰人生,https://maoyan.com/films/1218091,https://p0.meituan.net/movie/894fb3b5d73f48148a79b7d8ad234f5010214941.jpg,fcrs,"运动,yd","中,z","沈腾,st",zok,"<a href=""https://maoyan.com/films/1218091""><img src=""https://p0.meituan.net/movie/894fb3b5d73f48148a79b7d8ad234f5010214941.jpg"" tag=""飞驰人生,fcrs,运动,yd,中,z,沈腾,st,zok""></a>",
非诚勿扰12,https://maoyan.com/films/286,https://p0.meituan.net/movie/a88159e160a816ac7a5b35481b515fa4241768.jpg,fcwr,"爱情,aq","中,z","冯小刚,fxg,葛优,gy,舒淇,sq",,"<a href=""https://maoyan.com/films/286""><img src=""https://p0.meituan.net/movie/a88159e160a816ac7a5b35481b515fa4241768.jpg"" tag=""非诚勿扰12,fcwr,爱情,aq,中,z,冯小刚,fxg,葛优,gy,舒淇,sq,""></a>",
复仇者联盟134,https://maoyan.com/films/262,https://p0.meituan.net/moviemachine/5c048fd6b47ca91b128c59f312016f5a8541850.jpg,fczlm,"动作,dz",,marvel,zok,"<a href=""https://maoyan.com/films/262""><img src=""https://p0.meituan.net/moviemachine/5c048fd6b47ca91b128c59f312016f5a8541850.jpg"" tag=""复仇者联盟134,fczlm,动作,dz,,marvel,zok""></a>",
翻滚吧阿信,https://maoyan.com/films/64573,https://p0.meituan.net/movie/afd29924d3cbb7f3d36eac987edd482675210.jpg,fgbax,,"台,t","彭于晏,pyy",,"<a href=""https://maoyan.com/films/64573""><img src=""https://p0.meituan.net/movie/afd29924d3cbb7f3d36eac987edd482675210.jpg"" tag=""翻滚吧阿信,fgbax,,台,t,彭于晏,pyy,""></a>",
菲利普船长,https://maoyan.com/films/78274,https://p0.meituan.net/movie/b7e827cb97681199cdc9a8d9d37c58c51882971.jpg,flpcz,"犯罪,fz",,"汤姆汉克斯,tmhks",,"<a href=""https://maoyan.com/films/78274""><img src=""https://p0.meituan.net/movie/b7e827cb97681199cdc9a8d9d37c58c51882971.jpg"" tag=""菲利普船长,flpcz,犯罪,fz,,汤姆汉克斯,tmhks,""></a>",
放牛班的春天,https://maoyan.com/films/1205,https://p0.meituan.net/movie/70de97ebb6b5251ecb7c3f6d7a782a7f189340.jpg,fnbdct,"喜剧,xj",,,zok,"<a href=""https://maoyan.com/films/1205""><img src=""https://p0.meituan.net/movie/70de97ebb6b5251ecb7c3f6d7a782a7f189340.jpg"" tag=""放牛班的春天,fnbdct,喜剧,xj,,,zok""></a>",
风声,https://maoyan.com/films/293,https://p0.meituan.net/movie/50dd8ef19f379e1ca4ee6b7f06767ff8252300.jpg,fs,"谍战,dz","中,z","周迅,zx,李冰冰,lbb",,"<a href=""https://maoyan.com/films/293""><img src=""https://p0.meituan.net/movie/50dd8ef19f379e1ca4ee6b7f06767ff8252300.jpg"" tag=""风声,fs,谍战,dz,中,z,周迅,zx,李冰冰,lbb,""></a>",
赴汤蹈火,https://maoyan.com/films/367891,https://p0.meituan.net/movie/300da163f0ed740345c42c3958fae682383556.jpg,ftdh,"西部,xb",,,,"<a href=""https://maoyan.com/films/367891""><img src=""https://p0.meituan.net/movie/300da163f0ed740345c42c3958fae682383556.jpg"" tag=""赴汤蹈火,ftdh,西部,xb,,,""></a>",
反贪风暴,https://maoyan.com/films/78857,https://p1.meituan.net/moviemachine/0314720087ebb40c42ab31356b7353eb2655105.jpg,ftfb,"犯罪,fz","港,g","古天乐,gtl,林家栋,ljd",,"<a href=""https://maoyan.com/films/78857""><img src=""https://p1.meituan.net/moviemachine/0314720087ebb40c42ab31356b7353eb2655105.jpg"" tag=""反贪风暴,ftfb,犯罪,fz,港,g,古天乐,gtl,林家栋,ljd,""></a>",
飞行家,https://maoyan.com/films/13659,https://p0.meituan.net/movie/d39a1592517016c1b0fc3c61deff83341337282.jpg,fxj,"人物,rw",,"莱昂纳多,land",,"<a href=""https://maoyan.com/films/13659""><img src=""https://p0.meituan.net/movie/d39a1592517016c1b0fc3c61deff83341337282.jpg"" tag=""飞行家,fxj,人物,rw,,莱昂纳多,land,""></a>",
飞鹰艾迪,https://maoyan.com/films/246965,https://p0.meituan.net/movie/49154992fdd6274234d7a03c22fc22c8216535.jpg,fyad,"运动,yd",,,,"<a href=""https://maoyan.com/films/246965""><img src=""https://p0.meituan.net/movie/49154992fdd6274234d7a03c22fc22c8216535.jpg"" tag=""飞鹰艾迪,fyad,运动,yd,,,""></a>",
飞鹰计划,https://maoyan.com/films/9233,https://p0.meituan.net/movie/39edaa8e088b3e5f8a406220087dbe7b450761.jpg,fyjh,"喜剧,xj","港,g","成龙,cl,郑裕玲,zyl",,"<a href=""https://maoyan.com/films/9233""><img src=""https://p0.meituan.net/movie/39edaa8e088b3e5f8a406220087dbe7b450761.jpg"" tag=""飞鹰计划,fyjh,喜剧,xj,港,g,成龙,cl,郑裕玲,zyl,""></a>",
犯罪现场,https://maoyan.com/films/342146,https://p0.meituan.net/movie/6392cd350d00860921042cdac7f2ed797389667.jpg,fzxc,"犯罪,fz","中,z","古天乐,gtl,宣萱,xx",,"<a href=""https://maoyan.com/films/342146""><img src=""https://p0.meituan.net/movie/6392cd350d00860921042cdac7f2ed797389667.jpg"" tag=""犯罪现场,fzxc,犯罪,fz,中,z,古天乐,gtl,宣萱,xx,""></a>",
狗13,https://maoyan.com/films/78480,https://p0.meituan.net/movie/feb4cd6eb054232b4851a97bbc2a66d51198036.jpg,g13,"家庭,jt","中,z",,,"<a href=""https://maoyan.com/films/78480""><img src=""https://p0.meituan.net/movie/feb4cd6eb054232b4851a97bbc2a66d51198036.jpg"" tag=""狗13,g13,家庭,jt,中,z,,""></a>",
钢的琴,https://maoyan.com/films/300,https://image11.m1905.cn/uploadfile/2011/0718/thumb_1_283_390_20110718020622331.jpg,gdq,"家庭,jt","中,z",,,"<a href=""https://maoyan.com/films/300""><img src=""https://image11.m1905.cn/uploadfile/2011/0718/thumb_1_283_390_20110718020622331.jpg"" tag=""钢的琴,gdq,家庭,jt,中,z,,""></a>",
搞定岳父大人,https://maoyan.com/films/703,https://p0.meituan.net/moviemachine/9edab1ed15713b640510d8ca20aef468403438.png,gdyfdr,"喜剧,xj","中,z","徐峥,xz,许绍雄,xsx",,"<a href=""https://maoyan.com/films/703""><img src=""https://p0.meituan.net/moviemachine/9edab1ed15713b640510d8ca20aef468403438.png"" tag=""搞定岳父大人,gdyfdr,喜剧,xj,中,z,徐峥,xz,许绍雄,xsx,""></a>",
官方机密,https://maoyan.com/films/345718,https://p0.meituan.net/moviemachine/b17786de7b305dfd8443942b496a67f175233.jpg,gfjm,,,"哈里森福特,hlsft",,"<a href=""https://maoyan.com/films/345718""><img src=""https://p0.meituan.net/moviemachine/b17786de7b305dfd8443942b496a67f175233.jpg"" tag=""官方机密,gfjm,,,哈里森福特,hlsft,""></a>",
功夫瑜伽,https://maoyan.com/films/248933,https://p1.meituan.net/moviemachine/d273af80e581b4c60abcbb57a95ad2b72956123.jpg,gfyj,"喜剧,xj","中,z","成龙,cl,张艺兴,zyx,母其弥雅,mqmy",ztj1,"<a href=""https://maoyan.com/films/248933""><img src=""https://p1.meituan.net/moviemachine/d273af80e581b4c60abcbb57a95ad2b72956123.jpg"" tag=""功夫瑜伽,gfyj,喜剧,xj,中,z,成龙,cl,张艺兴,zyx,母其弥雅,mqmy,ztj1""></a>",
功夫,https://maoyan.com/films/247535,https://p1.meituan.net/moviemachine/a3f6c95b9413b1d4a9969f4c0b04d2164463503.jpg,gf,"喜剧,xj","中,z","周星驰,zxc",,"<a href=""https://maoyan.com/films/247535""><img src=""https://p1.meituan.net/moviemachine/a3f6c95b9413b1d4a9969f4c0b04d2164463503.jpg"" tag=""功夫,gf,喜剧,xj,中,z,周星驰,zxc,""></a>",
更好的世界,https://maoyan.com/films/47256,https://p0.meituan.net/movie/d29f1d0b989ca4be9d2dea7f8bd5b919214923.jpg,ghdsj,"家庭,jt",,,,"<a href=""https://maoyan.com/films/47256""><img src=""https://p0.meituan.net/movie/d29f1d0b989ca4be9d2dea7f8bd5b919214923.jpg"" tag=""更好的世界,ghdsj,家庭,jt,,,""></a>",
光辉岁月,https://maoyan.com/films/1835,https://p0.meituan.net/movie/c767cf6bb71524c39053969f3977d576223729.jpg,ghsy,"运动,yd",,"丹泽尔华盛顿,dzehsd",,"<a href=""https://maoyan.com/films/1835""><img src=""https://p0.meituan.net/movie/c767cf6bb71524c39053969f3977d576223729.jpg"" tag=""光辉岁月,ghsy,运动,yd,,丹泽尔华盛顿,dzehsd,""></a>",
国家宝藏12,https://maoyan.com/films/13467,https://p1.meituan.net/movie/ff556ecdf6383de26b09e1a07947f08e2448194.jpg,gjbz,"冒险,mx",,"尼古拉斯凯奇,nglskq",,"<a href=""https://maoyan.com/films/13467""><img src=""https://p1.meituan.net/movie/ff556ecdf6383de26b09e1a07947f08e2448194.jpg"" tag=""国家宝藏12,gjbz,冒险,mx,,尼古拉斯凯奇,nglskq,""></a>",
古今大战秦俑情,https://maoyan.com/films/7302,https://p0.meituan.net/movie/0b849d3462feed97c9e54bf990b00034501642.jpg,gjdzqyq,"动作,dz","港,g","张艺谋,zym,巩俐,gl,于荣光,yrg",zok,"<a href=""https://maoyan.com/films/7302""><img src=""https://p0.meituan.net/movie/0b849d3462feed97c9e54bf990b00034501642.jpg"" tag=""古今大战秦俑情,gjdzqyq,动作,dz,港,g,张艺谋,zym,巩俐,gl,于荣光,yrg,zok""></a>",
赶尽杀绝,https://maoyan.com/films/24696,https://p0.meituan.net/movie/4f3f846d5e5b281df16cd0074de84c74323558.jpg,gjsj,"动作,dz",,,,"<a href=""https://maoyan.com/films/24696""><img src=""https://p0.meituan.net/movie/4f3f846d5e5b281df16cd0074de84c74323558.jpg"" tag=""赶尽杀绝,gjsj,动作,dz,,,""></a>",
高考1977,https://maoyan.com/films/78107,https://p0.meituan.net/movie/0b657146d85095d44ccf37b52d3b1838157527.jpg,gk1977,,,,,"<a href=""https://maoyan.com/films/78107""><img src=""https://p0.meituan.net/movie/0b657146d85095d44ccf37b52d3b1838157527.jpg"" tag=""高考1977,gk1977,,,,""></a>",
革命之路,https://maoyan.com/films/27270,https://p0.meituan.net/movie/43601794bad138a8f81298f8d5514de2357259.jpg,gmzl,,,"莱昂纳多,land,凯特温斯莱特,ktwslt",,"<a href=""https://maoyan.com/films/27270""><img src=""https://p0.meituan.net/movie/43601794bad138a8f81298f8d5514de2357259.jpg"" tag=""革命之路,gmzl,,,莱昂纳多,land,凯特温斯莱特,ktwslt,""></a>",
告密者,https://maoyan.com/films/257214,https://p0.meituan.net/movie/d329a989bb83ab2d4bd63069d5227fd7295405.jpg,gmz,,,"道恩强森,deqs",,"<a href=""https://maoyan.com/films/257214""><img src=""https://p0.meituan.net/movie/d329a989bb83ab2d4bd63069d5227fd7295405.jpg"" tag=""告密者,gmz,,,道恩强森,deqs,""></a>",
钢琴家,https://maoyan.com/films/4883,https://p0.meituan.net/movie/389d81144eab106ac08c870bb4e366be547402.jpg,gqj,"人物,rw",,,,"<a href=""https://maoyan.com/films/4883""><img src=""https://p0.meituan.net/movie/389d81144eab106ac08c870bb4e366be547402.jpg"" tag=""钢琴家,gqj,人物,rw,,,""></a>",
给我翅膀,https://maoyan.com/films/1250943,https://p1.meituan.net/movie/a4b4a58399356262c5009830b2f97b68242215.jpg,gwcb,"动物,dw",,,zok,"<a href=""https://maoyan.com/films/1250943""><img src=""https://p1.meituan.net/movie/a4b4a58399356262c5009830b2f97b68242215.jpg"" tag=""给我翅膀,gwcb,动物,dw,,,zok""></a>",
跟踪,https://maoyan.com/films/435,https://p1.meituan.net/movie/de638ec388160369f28e07a65bdd1be8309927.jpg,gz,"犯罪,fz","港,g","游乃海,ynh,任达华,rdh,梁家辉,ljh",,"<a href=""https://maoyan.com/films/435""><img src=""https://p1.meituan.net/movie/de638ec388160369f28e07a65bdd1be8309927.jpg"" tag=""跟踪,gz,犯罪,fz,港,g,游乃海,ynh,任达华,rdh,梁家辉,ljh,""></a>",
狗镇,https://maoyan.com/films/6385,https://image11.m1905.cn/uploadfile/2013/0802/thumb_1_283_390_20130802025927179.jpg,gz,,,"妮可基德曼,nkjdm",,"<a href=""https://maoyan.com/films/6385""><img src=""https://image11.m1905.cn/uploadfile/2013/0802/thumb_1_283_390_20130802025927179.jpg"" tag=""狗镇,gz,,,妮可基德曼,nkjdm,""></a>",
黑暗面,https://maoyan.com/films/556,https://p0.meituan.net/movie/6847726db14474129b656e0c95c97f15157957.jpg,ham,"悬疑,xy",,,,"<a href=""https://maoyan.com/films/556""><img src=""https://p0.meituan.net/movie/6847726db14474129b656e0c95c97f15157957.jpg"" tag=""黑暗面,ham,悬疑,xy,,,""></a>",
海边的曼彻斯特,https://maoyan.com/films/338365,https://p0.meituan.net/movie/14dce6c3d296dd12a1d0841def25162b321241.jpg,hbdmcst,"家庭,jt",,,,"<a href=""https://maoyan.com/films/338365""><img src=""https://p0.meituan.net/movie/14dce6c3d296dd12a1d0841def25162b321241.jpg"" tag=""海边的曼彻斯特,hbdmcst,家庭,jt,,,""></a>",
红白蓝,https://maoyan.com/films/1294,https://p0.meituan.net/movie/db65280c4365196e9e0634760c680c4f466396.jpg,hbl,"家庭,jt",,"茱莉亚比诺什,zlybns",,"<a href=""https://maoyan.com/films/1294""><img src=""https://p0.meituan.net/movie/db65280c4365196e9e0634760c680c4f466396.jpg"" tag=""红白蓝,hbl,家庭,jt,,茱莉亚比诺什,zlybns,""></a>",
霍比特人123,https://maoyan.com/films/1045,https://p0.meituan.net/moviemachine/afa4090b7cb8a01df50b67f7ca76c2481184068.jpg,hbtr,"奇幻,qh",,,,"<a href=""https://maoyan.com/films/1045""><img src=""https://p0.meituan.net/moviemachine/afa4090b7cb8a01df50b67f7ca76c2481184068.jpg"" tag=""霍比特人123,hbtr,奇幻,qh,,,""></a>",
海扁王,https://maoyan.com/films/42453,https://p0.meituan.net/movie/dfb2bda256c27f0ba2326ef15276e16d891638.jpg,hbw,"犯罪,fz",,"尼古拉斯凯奇,nglskq",,"<a href=""https://maoyan.com/films/42453""><img src=""https://p0.meituan.net/movie/dfb2bda256c27f0ba2326ef15276e16d891638.jpg"" tag=""海扁王,hbw,犯罪,fz,,尼古拉斯凯奇,nglskq,""></a>",
海蒂和爷爷,https://maoyan.com/films/337625,https://p0.meituan.net/movie/f2a32a5369a76ee11ee37947a0003254629750.jpg,hdhyy,"家庭,jt",,,zok,"<a href=""https://maoyan.com/films/337625""><img src=""https://p0.meituan.net/movie/f2a32a5369a76ee11ee37947a0003254629750.jpg"" tag=""海蒂和爷爷,hdhyy,家庭,jt,,,zok""></a>",
虎胆龙威1-4,https://maoyan.com/films/1613,https://p1.meituan.net/movie/b4b3df14721387b1da4ac28efccfc295267113.jpg,hdlw,"动作,dz",,"布鲁斯威利斯,blswls",,"<a href=""https://maoyan.com/films/1613""><img src=""https://p1.meituan.net/movie/b4b3df14721387b1da4ac28efccfc295267113.jpg"" tag=""虎胆龙威1-4,hdlw,动作,dz,,布鲁斯威利斯,blswls,""></a>",
黑洞频率,https://maoyan.com/films/2933,https://p0.meituan.net/movie/d03820a99d056835c14654fd6b8de316514479.jpg,hdpl,"科幻,kh",,,,"<a href=""https://maoyan.com/films/2933""><img src=""https://p0.meituan.net/movie/d03820a99d056835c14654fd6b8de316514479.jpg"" tag=""黑洞频率,hdpl,科幻,kh,,,""></a>",
憨豆特工12,https://maoyan.com/films/216582,https://p0.meituan.net/movie/e22ae9bfe47eb2958a06f6b36434d1e0311130.jpg,hdtg,"喜剧,xj",,,,"<a href=""https://maoyan.com/films/216582""><img src=""https://p0.meituan.net/movie/e22ae9bfe47eb2958a06f6b36434d1e0311130.jpg"" tag=""憨豆特工12,hdtg,喜剧,xj,,,""></a>",
蝴蝶效应123,https://maoyan.com/films/1368,https://p0.meituan.net/movie/eec5ce0066f81a649c4f7d2ffd353f22272301.jpg,hdxy,"科幻,kh",,,,"<a href=""https://maoyan.com/films/1368""><img src=""https://p0.meituan.net/movie/eec5ce0066f81a649c4f7d2ffd353f22272301.jpg"" tag=""蝴蝶效应123,hdxy,科幻,kh,,,""></a>",
荒岛余生,https://maoyan.com/films/6312,https://p0.meituan.net/movie/016c0a45b8d23a4cdc2741038638dbec637801.jpg,hdys,"冒险,mx",,"汤姆汉克斯,tmhks",,"<a href=""https://maoyan.com/films/6312""><img src=""https://p0.meituan.net/movie/016c0a45b8d23a4cdc2741038638dbec637801.jpg"" tag=""荒岛余生,hdys,冒险,mx,,汤姆汉克斯,tmhks,""></a>",
华尔街之狼,https://maoyan.com/films/78179,https://p0.meituan.net/movie/6d345dd484f6e16b7f9234e2fe3a4f16297647.jpg,hejzl,"金融,jr",,"莱昂纳多,land",,"<a href=""https://maoyan.com/films/78179""><img src=""https://p0.meituan.net/movie/6d345dd484f6e16b7f9234e2fe3a4f16297647.jpg"" tag=""华尔街之狼,hejzl,金融,jr,,莱昂纳多,land,""></a>",
华尔街,https://maoyan.com/films/41345,https://p0.meituan.net/movie/f1c8f556f06313c9e922570658a619e1143990.jpg,hej,"犯罪,fz",,"迈克尔道格拉斯,mkedgls",,"<a href=""https://maoyan.com/films/41345""><img src=""https://p0.meituan.net/movie/f1c8f556f06313c9e922570658a619e1143990.jpg"" tag=""华尔街,hej,犯罪,fz,,迈克尔道格拉斯,mkedgls,""></a>",
红番区,https://maoyan.com/films/78557,https://p0.meituan.net/movie/3f2be319cd97678c3847b5327544cc2a299369.jpg,hfq,"动作,dz,喜剧,xj","港,g","成龙,cl",,"<a href=""https://maoyan.com/films/78557""><img src=""https://p0.meituan.net/movie/3f2be319cd97678c3847b5327544cc2a299369.jpg"" tag=""红番区,hfq,动作,dz,喜剧,xj,港,g,成龙,cl,""></a>",
好好先生,https://maoyan.com/films/30830,https://p0.meituan.net/movie/051edfde6d73c6d8bce2408aace84230254321.jpg,hhxs,"喜剧,xj,爱情,aq",,"金凯利,jkl",zok,"<a href=""https://maoyan.com/films/30830""><img src=""https://p0.meituan.net/movie/051edfde6d73c6d8bce2408aace84230254321.jpg"" tag=""好好先生,hhxs,喜剧,xj,爱情,aq,,金凯利,jkl,zok""></a>",
海角7号,https://maoyan.com/films/42787,https://p1.meituan.net/movie/7ee0619265c8303ee8ce79c6c21b92cd450919.jpg,hj7h,"爱情,aq",,"范逸臣,fyc",,"<a href=""https://maoyan.com/films/42787""><img src=""https://p1.meituan.net/movie/7ee0619265c8303ee8ce79c6c21b92cd450919.jpg"" tag=""海角7号,hj7h,爱情,aq,,范逸臣,fyc,""></a>",
哈利波特1-8,https://maoyan.com/films/3606,https://p0.meituan.net/moviemachine/4755165ffd65eb737bb5160ea911e0fa343438.jpg,hlbt,"奇幻,qh",,,zok,"<a href=""https://maoyan.com/films/3606""><img src=""https://p0.meituan.net/moviemachine/4755165ffd65eb737bb5160ea911e0fa343438.jpg"" tag=""哈利波特1-8,hlbt,奇幻,qh,,,zok""></a>",
灰猎犬号,https://maoyan.com/films/1186082,https://p0.meituan.net/movie/8d33fed6ebada082a50813f32b82be2e395955.jpg,hlqh,"战争,zz",,"汤姆汉克斯,tmhks",zok,"<a href=""https://maoyan.com/films/1186082""><img src=""https://p0.meituan.net/movie/8d33fed6ebada082a50813f32b82be2e395955.jpg"" tag=""灰猎犬号,hlqh,战争,zz,,汤姆汉克斯,tmhks,zok""></a>",
红辣椒盗梦侦探,https://maoyan.com/films/22210,https://p1.meituan.net/movie/f383a032e8bcc08ba463c6ece83d508c447951.jpg,hljdmzt,"动画,dh","日,r",,,"<a href=""https://maoyan.com/films/22210""><img src=""https://p1.meituan.net/movie/f383a032e8bcc08ba463c6ece83d508c447951.jpg"" tag=""红辣椒盗梦侦探,hljdmzt,动画,dh,日,r,,""></a>",
荒蛮故事,https://maoyan.com/films/247767,https://p1.meituan.net/movie/67b4542cca2e55c3f06a0e5b2d51a314493934.jpg,hmgs,,,,,"<a href=""https://maoyan.com/films/247767""><img src=""https://p1.meituan.net/movie/67b4542cca2e55c3f06a0e5b2d51a314493934.jpg"" tag=""荒蛮故事,hmgs,,,,""></a>",
黑皮书,https://maoyan.com/films/21908,https://p1.meituan.net/movie/71c94fc361d7ccb77174dae02f5505bd196034.jpg,hps,"战争,zz",,,,"<a href=""https://maoyan.com/films/21908""><img src=""https://p1.meituan.net/movie/71c94fc361d7ccb77174dae02f5505bd196034.jpg"" tag=""黑皮书,hps,战争,zz,,,""></a>",
红雀,https://maoyan.com/films/334926,https://p0.meituan.net/movie/315b6914397789a9738858ce26811f54246340.jpg,hq,"动作,dz",,,,"<a href=""https://maoyan.com/films/334926""><img src=""https://p0.meituan.net/movie/315b6914397789a9738858ce26811f54246340.jpg"" tag=""红雀,hq,动作,dz,,,""></a>",
后人,https://maoyan.com/films/40291,https://p1.meituan.net/movie/7366785098c39ee0d1cac2e470a41b1f221695.jpg,"hr,hy","家庭,jt",,"乔治克鲁尼,qzkln",,"<a href=""https://maoyan.com/films/40291""><img src=""https://p1.meituan.net/movie/7366785098c39ee0d1cac2e470a41b1f221695.jpg"" tag=""后人,hr,hy,家庭,jt,,乔治克鲁尼,qzkln,""></a>",
黑水,https://maoyan.com/films/1298141,https://p0.meituan.net/moviemachine/c64e51122ef4916e12d306fca1abdf181910299.png,hs,,,"安妮海瑟薇,anhsw",,"<a href=""https://maoyan.com/films/1298141""><img src=""https://p0.meituan.net/moviemachine/c64e51122ef4916e12d306fca1abdf181910299.png"" tag=""黑水,hs,,,安妮海瑟薇,anhsw,""></a>",
花生酱猎鹰,https://maoyan.com/films/906358,https://p0.meituan.net/movie/692639ed7ed7e117331a802c55b7b7ae744585.jpg,hsjly,"喜剧,xj",,,,"<a href=""https://maoyan.com/films/906358""><img src=""https://p0.meituan.net/movie/692639ed7ed7e117331a802c55b7b7ae744585.jpg"" tag=""花生酱猎鹰,hsjly,喜剧,xj,,,""></a>",
海市蜃楼,https://maoyan.com/films/1219670,https://p0.meituan.net/movie/cd0820329098a64e157ee5af583f21f43774858.jpg,hssl,"科幻,kh",,,,"<a href=""https://maoyan.com/films/1219670""><img src=""https://p0.meituan.net/movie/cd0820329098a64e157ee5af583f21f43774858.jpg"" tag=""海市蜃楼,hssl,科幻,kh,,,""></a>",
后天,https://maoyan.com/films/222592,https://p0.meituan.net/movie/ab2e591941918b4cd37492c70779ee4e2313458.jpg,ht,"灾难,zn",,,zok,"<a href=""https://maoyan.com/films/222592""><img src=""https://p0.meituan.net/movie/ab2e591941918b4cd37492c70779ee4e2313458.jpg"" tag=""后天,ht,灾难,zn,,,zok""></a>",
幻体,https://maoyan.com/films/247869,https://p0.meituan.net/movie/d2f874533f2e510982d316711e971e8883130.jpg,ht,"科幻,kh",,,,"<a href=""https://maoyan.com/films/247869""><img src=""https://p0.meituan.net/movie/d2f874533f2e510982d316711e971e8883130.jpg"" tag=""幻体,ht,科幻,kh,,,""></a>",
火天之城,https://maoyan.com/films/541853,https://p1.meituan.net/movie/05ce7fdd8ada26aa46bb97960e7c84cf458415.jpg,htzc,"历史,ls","日,r",,,"<a href=""https://maoyan.com/films/541853""><img src=""https://p1.meituan.net/movie/05ce7fdd8ada26aa46bb97960e7c84cf458415.jpg"" tag=""火天之城,htzc,历史,ls,日,r,,""></a>",
火星救援,https://maoyan.com/films/246369,https://p1.meituan.net/movie/cc4de4add8ee33e2f0736a273ca1f549353681.jpg,hxjy,"科幻,kh",,"马特达蒙,mtdm",zok,"<a href=""https://maoyan.com/films/246369""><img src=""https://p1.meituan.net/movie/cc4de4add8ee33e2f0736a273ca1f549353681.jpg"" tag=""火星救援,hxjy,科幻,kh,,马特达蒙,mtdm,zok""></a>",
海啸奇迹,https://maoyan.com/films/78071,https://p0.meituan.net/moviemachine/5f365981d9caf6a5f13675b7cc68030b663985.jpg,hxqj,"灾难,zn",,,,"<a href=""https://maoyan.com/films/78071""><img src=""https://p0.meituan.net/moviemachine/5f365981d9caf6a5f13675b7cc68030b663985.jpg"" tag=""海啸奇迹,hxqj,灾难,zn,,,""></a>",
环形使者,https://maoyan.com/films/778,https://p1.meituan.net/moviemachine/a3dbd73eb1274bdb8fc7062a5005cf1e337839.jpg,hxsz,"科幻,kh",,"布鲁斯威利斯,blswls",,"<a href=""https://maoyan.com/films/778""><img src=""https://p1.meituan.net/moviemachine/a3dbd73eb1274bdb8fc7062a5005cf1e337839.jpg"" tag=""环形使者,hxsz,科幻,kh,,布鲁斯威利斯,blswls,""></a>",
婚姻故事,https://maoyan.com/films/1223030,https://p1.meituan.net/movie/76a85d23797f6f6911290a035c9a355b8122388.jpg,hygs,"爱情,aq",,"斯嘉丽约翰逊,sjlyhx","推荐,tj","<a href=""https://maoyan.com/films/1223030""><img src=""https://p1.meituan.net/movie/76a85d23797f6f6911290a035c9a355b8122388.jpg"" tag=""婚姻故事,hygs,爱情,aq,,斯嘉丽约翰逊,sjlyhx,推荐,tj""></a>",
荒野猎人,https://maoyan.com/films/247220,https://image11.m1905.cn/mdb/uploadfile/2016/0304/thumb_1_283_390_20160304011153477331.jpg,hylr,"冒险,mx",,"莱昂纳多,land",,"<a href=""https://maoyan.com/films/247220""><img src=""https://image11.m1905.cn/mdb/uploadfile/2016/0304/thumb_1_283_390_20160304011153477331.jpg"" tag=""荒野猎人,hylr,冒险,mx,,莱昂纳多,land,""></a>",
黑衣人123,https://maoyan.com/films/544,https://p1.meituan.net/movie/761b8380cd628fa90eb1f2025681663d431869.jpg,hyr,"科幻,kh",,"威尔史密斯,wesms",,"<a href=""https://maoyan.com/films/544""><img src=""https://p1.meituan.net/movie/761b8380cd628fa90eb1f2025681663d431869.jpg"" tag=""黑衣人123,hyr,科幻,kh,,威尔史密斯,wesms,""></a>",
黑鹰坠落,https://maoyan.com/films/1236,https://p0.meituan.net/movie/85fca6d99e97c9e3281254a1ed453c423114570.jpg,hyzl,"战争,zz",,,,"<a href=""https://maoyan.com/films/1236""><img src=""https://p0.meituan.net/movie/85fca6d99e97c9e3281254a1ed453c423114570.jpg"" tag=""黑鹰坠落,hyzl,战争,zz,,,""></a>",
谎言之躯,https://maoyan.com/films/29407,https://p0.meituan.net/movie/f52b0bfb8b5caa19d44cffb47feb958a226681.jpg,hyzq,,,"莱昂纳多,land",,"<a href=""https://maoyan.com/films/29407""><img src=""https://p0.meituan.net/movie/f52b0bfb8b5caa19d44cffb47feb958a226681.jpg"" tag=""谎言之躯,hyzq,,,莱昂纳多,land,""></a>",
寒战12,https://maoyan.com/films/825,https://p1.meituan.net/moviemachine/9dad6cdbdee3747f624b455fa3950a77617969.jpg,hz,"犯罪,fz","港,g","郭富城,gfc,梁家辉,ljh",zok,"<a href=""https://maoyan.com/films/825""><img src=""https://p1.meituan.net/moviemachine/9dad6cdbdee3747f624b455fa3950a77617969.jpg"" tag=""寒战12,hz,犯罪,fz,港,g,郭富城,gfc,梁家辉,ljh,zok""></a>",
i型起源,https://maoyan.com/films/249275,https://p0.meituan.net/movie/1e0bd6fdb198be658ac2ace636704ff8355548.jpg,ixqy,"科幻,kh",,,,"<a href=""https://maoyan.com/films/249275""><img src=""https://p0.meituan.net/movie/1e0bd6fdb198be658ac2ace636704ff8355548.jpg"" tag=""i型起源,ixqy,科幻,kh,,,""></a>",
机动部队PTU1-4,https://maoyan.com/films/529,https://p0.meituan.net/movie/f4f0eaf68c2c23df2dfb64bee45ac3f7264410.jpg,jdbdptu,"犯罪,fz","港,g","杜琪峰,dqf,任达华,rdh,林雪,lx,邵美琪,smq",,"<a href=""https://maoyan.com/films/529""><img src=""https://p0.meituan.net/movie/f4f0eaf68c2c23df2dfb64bee45ac3f7264410.jpg"" tag=""机动部队PTU1-4,jdbdptu,犯罪,fz,港,g,杜琪峰,dqf,任达华,rdh,林雪,lx,邵美琪,smq,""></a>",
极盗车神,https://maoyan.com/films/341894,https://p0.meituan.net/movie/1cea064161b4c040c89bec7736e582d9611088.jpg,jdcs,"犯罪,fz",,"凯文史派西,kwspx",,"<a href=""https://maoyan.com/films/341894""><img src=""https://p0.meituan.net/movie/1cea064161b4c040c89bec7736e582d9611088.jpg"" tag=""极盗车神,jdcs,犯罪,fz,,凯文史派西,kwspx,""></a>",
极度恐慌,https://maoyan.com/films/8264,https://p0.meituan.net/movie/b9079c040858afa4fe03555bf65b64b5118285.jpg,jdkh,"灾难,zn",,"达斯汀霍夫曼,dsthfm,摩根弗里曼,mgflm,凯文史派西,kwspx",zok,"<a href=""https://maoyan.com/films/8264""><img src=""https://p0.meituan.net/movie/b9079c040858afa4fe03555bf65b64b5118285.jpg"" tag=""极度恐慌,jdkh,灾难,zn,,达斯汀霍夫曼,dsthfm,摩根弗里曼,mgflm,凯文史派西,kwspx,zok""></a>",
借刀杀人,https://maoyan.com/films/13386,https://p1.meituan.net/movie/45ab8a6f5f17a26099bdc6a307211d2e2414821.jpg,jdsr,"犯罪,fz",,"汤姆克鲁斯,tmkls",,"<a href=""https://maoyan.com/films/13386""><img src=""https://p1.meituan.net/movie/45ab8a6f5f17a26099bdc6a307211d2e2414821.jpg"" tag=""借刀杀人,jdsr,犯罪,fz,,汤姆克鲁斯,tmkls,""></a>",
机动杀人,https://maoyan.com/films/13727,https://p1.meituan.net/movie/07d986fde5ae32143ecb31450c7c096d4081988.jpg,jdsr,"犯罪,fz",,"安吉丽娜朱莉,ajlnzl",,"<a href=""https://maoyan.com/films/13727""><img src=""https://p1.meituan.net/movie/07d986fde5ae32143ecb31450c7c096d4081988.jpg"" tag=""机动杀人,jdsr,犯罪,fz,,安吉丽娜朱莉,ajlnzl,""></a>",
角斗士,https://maoyan.com/films/2373,https://p1.meituan.net/movie/c60f1eab682a86321b0762a57fc53deb534713.jpg,jds,"动作,dz",,"罗素克劳,lskl",,"<a href=""https://maoyan.com/films/2373""><img src=""https://p1.meituan.net/movie/c60f1eab682a86321b0762a57fc53deb534713.jpg"" tag=""角斗士,jds,动作,dz,,罗素克劳,lskl,""></a>",
极盗者,https://maoyan.com/films/249141,https://p0.meituan.net/movie/02de6a5a2876aeb071b91567786924ec585675.jpg,jdz,"犯罪,fz",,,,"<a href=""https://maoyan.com/films/249141""><img src=""https://p0.meituan.net/movie/02de6a5a2876aeb071b91567786924ec585675.jpg"" tag=""极盗者,jdz,犯罪,fz,,,""></a>",
饥饿站台,https://maoyan.com/films/1299475,https://p0.meituan.net/movie/91c5befefc7f710497d95010ecd8ec18137039.jpg,jezt,,,,"推荐,tj","<a href=""https://maoyan.com/films/1299475""><img src=""https://p0.meituan.net/movie/91c5befefc7f710497d95010ecd8ec18137039.jpg"" tag=""饥饿站台,jezt,,,,推荐,tj""></a>",
金刚骷髅岛,https://maoyan.com/films/249898,https://p0.meituan.net/moviemachine/990b85c8f76726389445cd820400a85a6224497.jpg,jgkld,"奇幻,qh",,,,"<a href=""https://maoyan.com/films/249898""><img src=""https://p0.meituan.net/moviemachine/990b85c8f76726389445cd820400a85a6224497.jpg"" tag=""金刚骷髅岛,jgkld,奇幻,qh,,,""></a>",
济公,https://maoyan.com/films/248474,https://p0.meituan.net/movie/095f80b7281f8a4644c8e8ac751cd494286722.jpg,jg,,"港,g","周星驰,zxc,吴孟达,wmd,张曼玉,zmy",,"<a href=""https://maoyan.com/films/248474""><img src=""https://p0.meituan.net/movie/095f80b7281f8a4644c8e8ac751cd494286722.jpg"" tag=""济公,jg,,港,g,周星驰,zxc,吴孟达,wmd,张曼玉,zmy,""></a>",
江湖儿女,https://maoyan.com/films/1208342,https://p0.meituan.net/movie/032dd996efbe12a6acd408bebe6d5453255801.jpg,jhen,,"中,z","廖凡,lf,徐峥,xz",,"<a href=""https://maoyan.com/films/1208342""><img src=""https://p0.meituan.net/movie/032dd996efbe12a6acd408bebe6d5453255801.jpg"" tag=""江湖儿女,jhen,,中,z,廖凡,lf,徐峥,xz,""></a>",
江湖告急,https://maoyan.com/films/12994,https://p0.meituan.net/movie/fd522047ef1d1475ec3e77768ab419ce134586.jpg,jhgj,,"港,g","梁家辉,ljh,吴君如,wjr,张耀扬,zyy,黄秋生,hqs",,"<a href=""https://maoyan.com/films/12994""><img src=""https://p0.meituan.net/movie/fd522047ef1d1475ec3e77768ab419ce134586.jpg"" tag=""江湖告急,jhgj,,港,g,梁家辉,ljh,吴君如,wjr,张耀扬,zyy,黄秋生,hqs,""></a>",
结婚礼服,https://maoyan.com/films/57596,https://p0.meituan.net/movie/06528dd2e3649a7f5e91a24cd185f375372938.jpg,jhlf,"家庭,jt","韩,h",,,"<a href=""https://maoyan.com/films/57596""><img src=""https://p0.meituan.net/movie/06528dd2e3649a7f5e91a24cd185f375372938.jpg"" tag=""结婚礼服,jhlf,家庭,jt,韩,h,,""></a>",
极寒之城,https://maoyan.com/films/343088,https://p1.meituan.net/movie/b922b56ec1c4597557a4e51f856710b21862888.jpg,jhzc,"动作,dz",,,,"<a href=""https://maoyan.com/films/343088""><img src=""https://p1.meituan.net/movie/b922b56ec1c4597557a4e51f856710b21862888.jpg"" tag=""极寒之城,jhzc,动作,dz,,,""></a>",
聚焦,https://maoyan.com/films/336859,https://p1.meituan.net/movie/69bf5e1d2b46876cb49cf2a07bccd431488433.jpg,jj,,,,,"<a href=""https://maoyan.com/films/336859""><img src=""https://p1.meituan.net/movie/69bf5e1d2b46876cb49cf2a07bccd431488433.jpg"" tag=""聚焦,jj,,,,""></a>",
加勒比海盗1-5,https://maoyan.com/films/5880,https://p0.meituan.net/movie/b05b94b28eca53f325ae8d807fcd4ce01798036.jpg,jlbhd,"奇幻,qh",,"约翰尼德普,yhndp",zok,"<a href=""https://maoyan.com/films/5880""><img src=""https://p0.meituan.net/movie/b05b94b28eca53f325ae8d807fcd4ce01798036.jpg"" tag=""加勒比海盗1-5,jlbhd,奇幻,qh,,约翰尼德普,yhndp,zok""></a>",
降临,https://maoyan.com/films/338387,https://p1.meituan.net/movie/8e9a569ab0157eb076fed6e84651e86f4000110.jpg,jl,"科幻,kh",,,zok,"<a href=""https://maoyan.com/films/338387""><img src=""https://p1.meituan.net/movie/8e9a569ab0157eb076fed6e84651e86f4000110.jpg"" tag=""降临,jl,科幻,kh,,,zok""></a>",
迓,https://maoyan.com/films/1250696,https://p1.meituan.net/movie/f2ebf28e702874e3aa4238911cd34ef41074680.jpg,jm,"家庭,jt","中,z","徐峥,xz,袁泉,yq",,"<a href=""https://maoyan.com/films/1250696""><img src=""https://p1.meituan.net/movie/f2ebf28e702874e3aa4238911cd34ef41074680.jpg"" tag=""迓,jm,家庭,jt,中,z,徐峥,xz,袁泉,yq,""></a>",
九品芝麻官,https://maoyan.com/films/5482,https://p0.meituan.net/movie/979fb0a230e7ffb8de67ca5b19895a48313962.jpg,jpzmg,"喜剧,xj","港,g","周星驰,zxc,吴孟达,wmd,蔡少芬,csf,吴启华,wqh",,"<a href=""https://maoyan.com/films/5482""><img src=""https://p0.meituan.net/movie/979fb0a230e7ffb8de67ca5b19895a48313962.jpg"" tag=""九品芝麻官,jpzmg,喜剧,xj,港,g,周星驰,zxc,吴孟达,wmd,蔡少芬,csf,吴启华,wqh,""></a>",
极速风流,https://maoyan.com/films/78279,https://p1.meituan.net/movie/0e62f6e9a8b65dd15cb38d74ada416a81726008.jpg,jsfl,"运动,yd",,,,"<a href=""https://maoyan.com/films/78279""><img src=""https://p1.meituan.net/movie/0e62f6e9a8b65dd15cb38d74ada416a81726008.jpg"" tag=""极速风流,jsfl,运动,yd,,,""></a>",
僵尸世界大战,https://maoyan.com/films/78779,https://p0.meituan.net/movie/abe1fa68b32a3740dcc1818f8cd62de9248522.jpg,jssjdz,,,"布拉德皮特,bldpt",,"<a href=""https://maoyan.com/films/78779""><img src=""https://p0.meituan.net/movie/abe1fa68b32a3740dcc1818f8cd62de9248522.jpg"" tag=""僵尸世界大战,jssjdz,,,布拉德皮特,bldpt,""></a>",
疾速追杀12,https://maoyan.com/films/246966,https://p0.meituan.net/movie/8531aee40d879470a45382727cd6b576226163.jpg,jszs,"犯罪,fz",,"基努李维斯,jnlws",,"<a href=""https://maoyan.com/films/246966""><img src=""https://p0.meituan.net/movie/8531aee40d879470a45382727cd6b576226163.jpg"" tag=""疾速追杀12,jszs,犯罪,fz,,基努李维斯,jnlws,""></a>",
惊天魔盗团12,https://maoyan.com/films/78210,https://image11.m1905.cn/uploadfile/2013/0923/thumb_1_283_390_20130923101615853.jpg,jtmdt,"犯罪,fz",,,,"<a href=""https://maoyan.com/films/78210""><img src=""https://image11.m1905.cn/uploadfile/2013/0923/thumb_1_283_390_20130923101615853.jpg"" tag=""惊天魔盗团12,jtmdt,犯罪,fz,,,""></a>",
机械公敌,https://maoyan.com/films/13462,https://p0.meituan.net/movie/5373d11a65d99aa03c38972c534aa4f5208813.jpg,"jxgd,wjqr","科幻,kh",,"威尔史密斯,wesms",ztj1,"<a href=""https://maoyan.com/films/13462""><img src=""https://p0.meituan.net/movie/5373d11a65d99aa03c38972c534aa4f5208813.jpg"" tag=""机械公敌,jxgd,wjqr,科幻,kh,,威尔史密斯,wesms,ztj1""></a>",
机械姬,https://maoyan.com/films/247000,https://p0.meituan.net/movie/4784315d9e3d9356cb346c31ccdf398e638538.jpg,jxj,"科幻,kh",,,,"<a href=""https://maoyan.com/films/247000""><img src=""https://p0.meituan.net/movie/4784315d9e3d9356cb346c31ccdf398e638538.jpg"" tag=""机械姬,jxj,科幻,kh,,,""></a>",
机械师,https://maoyan.com/films/77,https://p0.meituan.net/movie/40458c9e6783f10dd7cb73fdcf51ece587671.jpg,jxs,"动作,dz",,"杰森斯坦森,jssts",,"<a href=""https://maoyan.com/films/77""><img src=""https://p0.meituan.net/movie/40458c9e6783f10dd7cb73fdcf51ece587671.jpg"" tag=""机械师,jxs,动作,dz,,杰森斯坦森,jssts,""></a>",
极限特工123,https://maoyan.com/films/11978,https://p0.meituan.net/movie/c511a822b11474a6befd41992f222aaf467054.jpg,"jxtg,xxx","犯罪,fz",,,,"<a href=""https://maoyan.com/films/11978""><img src=""https://p0.meituan.net/movie/c511a822b11474a6befd41992f222aaf467054.jpg"" tag=""极限特工123,jxtg,xxx,犯罪,fz,,,""></a>",
记忆裂痕,https://maoyan.com/films/13346,https://p0.meituan.net/movie/fe16dac2bce07a5d9aec935b363142e4516256.jpg,jylh,"科幻,kh",,,,"<a href=""https://maoyan.com/films/13346""><img src=""https://p0.meituan.net/movie/fe16dac2bce07a5d9aec935b363142e4516256.jpg"" tag=""记忆裂痕,jylh,科幻,kh,,,""></a>",
记忆碎片,https://maoyan.com/films/10433,https://p0.meituan.net/movie/73272392576659a804f3a9a779263954201204.jpg,jysp,"悬疑,xy",,,,"<a href=""https://maoyan.com/films/10433""><img src=""https://p0.meituan.net/movie/73272392576659a804f3a9a779263954201204.jpg"" tag=""记忆碎片,jysp,悬疑,xy,,,""></a>",
剑鱼行动,https://maoyan.com/films/10536,https://p0.meituan.net/movie/4dd487a63c19bb6a89bf9c2973cc67bb1462725.jpg,jyxd,"犯罪,fz",,"约翰屈伏塔,yhqft,休杰克曼,xjkm,哈莉贝瑞,hlbr",,"<a href=""https://maoyan.com/films/10536""><img src=""https://p0.meituan.net/movie/4dd487a63c19bb6a89bf9c2973cc67bb1462725.jpg"" tag=""剑鱼行动,jyxd,犯罪,fz,,约翰屈伏塔,yhqft,休杰克曼,xjkm,哈莉贝瑞,hlbr,""></a>",
激战,https://maoyan.com/films/78199,https://p1.meituan.net/moviemachine/4a780c1bf7d00b8809ed75ce3afe4baf698026.jpg,jz,"运动,yd","港,g","张家辉,zjh,彭于晏,pyy,梅婷,mt",ztj1,"<a href=""https://maoyan.com/films/78199""><img src=""https://p1.meituan.net/moviemachine/4a780c1bf7d00b8809ed75ce3afe4baf698026.jpg"" tag=""激战,jz,运动,yd,港,g,张家辉,zjh,彭于晏,pyy,梅婷,mt,ztj1""></a>",
决战中途岛,https://maoyan.com/films/1163219,https://p0.meituan.net/movie/70b4d52270257e71046767ea1be1bede2983514.jpg,jzztd,"战争,zz",,,zok,"<a href=""https://maoyan.com/films/1163219""><img src=""https://p0.meituan.net/movie/70b4d52270257e71046767ea1be1bede2983514.jpg"" tag=""决战中途岛,jzztd,战争,zz,,,zok""></a>",
